﻿-- EnergyType
SET IDENTITY_INSERT [dbo].[EnergyType] ON
INSERT INTO [dbo].[EnergyType] ([id], [name]) VALUES (1, 'Water')
INSERT INTO [dbo].[EnergyType] ([id], [name]) VALUES (2, 'Heat')
INSERT INTO [dbo].[EnergyType] ([id], [name]) VALUES (3, 'Energy')
INSERT INTO [dbo].[EnergyType] ([id], [name]) VALUES (4, 'NaturalGas')
SET IDENTITY_INSERT [dbo].[EnergyType] OFF

SET IDENTITY_INSERT [dbo].[Meter] ON
INSERT INTO [dbo].[Meter] ([id], [name], [pod_identifier], [energy_type_id]) VALUES (1, 'Zathin', 'POD42301743', '3');
INSERT INTO [dbo].[Meter] ([id], [name], [pod_identifier], [energy_type_id]) VALUES (2, 'Y-find', 'POD25111620', '4');
INSERT INTO [dbo].[Meter] ([id], [name], [pod_identifier], [energy_type_id]) VALUES (3, 'Fintone', 'POD06881332', '4');
INSERT INTO [dbo].[Meter] ([id], [name], [pod_identifier], [energy_type_id]) VALUES (4, 'Latlux', 'POD03235800', '4');
INSERT INTO [dbo].[Meter] ([id], [name], [pod_identifier], [energy_type_id]) VALUES (5, 'Voltsillam', 'POD26129506', '4');
INSERT INTO [dbo].[Meter] ([id], [name], [pod_identifier], [energy_type_id]) VALUES (6, 'Kanlam', 'POD23920482', '3');
INSERT INTO [dbo].[Meter] ([id], [name], [pod_identifier], [energy_type_id]) VALUES (7, 'Matsoft', 'POD18795532', '4');
INSERT INTO [dbo].[Meter] ([id], [name], [pod_identifier], [energy_type_id]) VALUES (8, 'Fintone', 'POD41451299', '1');
INSERT INTO [dbo].[Meter] ([id], [name], [pod_identifier], [energy_type_id]) VALUES (9, 'Toughjoyfax', 'POD96792469', '4');
INSERT INTO [dbo].[Meter] ([id], [name], [pod_identifier], [energy_type_id]) VALUES (10, 'Home Ing', 'POD42318253', '3');
INSERT INTO [dbo].[Meter] ([id], [name], [pod_identifier], [energy_type_id]) VALUES (11, 'Tres-Zap', 'POD58704373', '4');
INSERT INTO [dbo].[Meter] ([id], [name], [pod_identifier], [energy_type_id]) VALUES (12, 'Stringtough', 'POD25655911', '4');
INSERT INTO [dbo].[Meter] ([id], [name], [pod_identifier], [energy_type_id]) VALUES (13, 'Voyatouch', 'POD13235439', '1');
INSERT INTO [dbo].[Meter] ([id], [name], [pod_identifier], [energy_type_id]) VALUES (14, 'Rank', 'POD61910320', '2');
INSERT INTO [dbo].[Meter] ([id], [name], [pod_identifier], [energy_type_id]) VALUES (15, 'Stringtough', 'POD06640623', '4');
INSERT INTO [dbo].[Meter] ([id], [name], [pod_identifier], [energy_type_id]) VALUES (16, 'Mat Lam Tam', 'POD57715544', '3');
INSERT INTO [dbo].[Meter] ([id], [name], [pod_identifier], [energy_type_id]) VALUES (17, 'Namfix', 'POD62817884', '3');
INSERT INTO [dbo].[Meter] ([id], [name], [pod_identifier], [energy_type_id]) VALUES (18, 'Bigtax', 'POD44115961', '2');
INSERT INTO [dbo].[Meter] ([id], [name], [pod_identifier], [energy_type_id]) VALUES (19, 'Alphazap', 'POD13761087', '4');
INSERT INTO [dbo].[Meter] ([id], [name], [pod_identifier], [energy_type_id]) VALUES (20, 'Holdlamis', 'POD26732454', '4');
INSERT INTO [dbo].[Meter] ([id], [name], [pod_identifier], [energy_type_id]) VALUES (21, 'Cookley', 'POD49653886', '1');
INSERT INTO [dbo].[Meter] ([id], [name], [pod_identifier], [energy_type_id]) VALUES (22, 'Cardguard', 'POD28031048', '4');
INSERT INTO [dbo].[Meter] ([id], [name], [pod_identifier], [energy_type_id]) VALUES (23, 'Bitchip', 'POD62704060', '3');
INSERT INTO [dbo].[Meter] ([id], [name], [pod_identifier], [energy_type_id]) VALUES (24, 'Voltsillam', 'POD54977899', '4');
INSERT INTO [dbo].[Meter] ([id], [name], [pod_identifier], [energy_type_id]) VALUES (25, 'Redhold', 'POD93264332', '3');
INSERT INTO [dbo].[Meter] ([id], [name], [pod_identifier], [energy_type_id]) VALUES (26, 'Keylex', 'POD57237760', '4');
INSERT INTO [dbo].[Meter] ([id], [name], [pod_identifier], [energy_type_id]) VALUES (27, 'Flowdesk', 'POD74036652', '4');
INSERT INTO [dbo].[Meter] ([id], [name], [pod_identifier], [energy_type_id]) VALUES (28, 'Transcof', 'POD33921146', '4');
INSERT INTO [dbo].[Meter] ([id], [name], [pod_identifier], [energy_type_id]) VALUES (29, 'Prodder', 'POD96428130', '4');
INSERT INTO [dbo].[Meter] ([id], [name], [pod_identifier], [energy_type_id]) VALUES (30, 'Stronghold', 'POD33277044', '4');
INSERT INTO [dbo].[Meter] ([id], [name], [pod_identifier], [energy_type_id]) VALUES (31, 'Fix San', 'POD27445216', '3');
INSERT INTO [dbo].[Meter] ([id], [name], [pod_identifier], [energy_type_id]) VALUES (32, 'Rank', 'POD14847016', '1');
INSERT INTO [dbo].[Meter] ([id], [name], [pod_identifier], [energy_type_id]) VALUES (33, 'Span', 'POD81384258', '4');
INSERT INTO [dbo].[Meter] ([id], [name], [pod_identifier], [energy_type_id]) VALUES (34, 'Gembucket', 'POD92331725', '2');
INSERT INTO [dbo].[Meter] ([id], [name], [pod_identifier], [energy_type_id]) VALUES (35, 'Tampflex', 'POD77210416', '2');
INSERT INTO [dbo].[Meter] ([id], [name], [pod_identifier], [energy_type_id]) VALUES (36, 'Overhold', 'POD87388934', '1');
INSERT INTO [dbo].[Meter] ([id], [name], [pod_identifier], [energy_type_id]) VALUES (37, 'Zoolab', 'POD40230219', '1');
INSERT INTO [dbo].[Meter] ([id], [name], [pod_identifier], [energy_type_id]) VALUES (38, 'Holdlamis', 'POD85148943', '4');
INSERT INTO [dbo].[Meter] ([id], [name], [pod_identifier], [energy_type_id]) VALUES (39, 'Sub-Ex', 'POD49018167', '4');
INSERT INTO [dbo].[Meter] ([id], [name], [pod_identifier], [energy_type_id]) VALUES (40, 'Fixflex', 'POD43312922', '3');
INSERT INTO [dbo].[Meter] ([id], [name], [pod_identifier], [energy_type_id]) VALUES (41, 'Redhold', 'POD22720633', '4');
INSERT INTO [dbo].[Meter] ([id], [name], [pod_identifier], [energy_type_id]) VALUES (42, 'Span', 'POD38819145', '4');
INSERT INTO [dbo].[Meter] ([id], [name], [pod_identifier], [energy_type_id]) VALUES (43, 'Holdlamis', 'POD05478890', '4');
INSERT INTO [dbo].[Meter] ([id], [name], [pod_identifier], [energy_type_id]) VALUES (44, 'Kanlam', 'POD79528260', '3');
INSERT INTO [dbo].[Meter] ([id], [name], [pod_identifier], [energy_type_id]) VALUES (45, 'Greenlam', 'POD16375369', '3');
INSERT INTO [dbo].[Meter] ([id], [name], [pod_identifier], [energy_type_id]) VALUES (46, 'Transcof', 'POD46447136', '4');
INSERT INTO [dbo].[Meter] ([id], [name], [pod_identifier], [energy_type_id]) VALUES (47, 'Treeflex', 'POD38135209', '1');
INSERT INTO [dbo].[Meter] ([id], [name], [pod_identifier], [energy_type_id]) VALUES (48, 'Tresom', 'POD77915673', '3');
INSERT INTO [dbo].[Meter] ([id], [name], [pod_identifier], [energy_type_id]) VALUES (49, 'Domainer', 'POD79636089', '2');
INSERT INTO [dbo].[Meter] ([id], [name], [pod_identifier], [energy_type_id]) VALUES (50, 'Duobam', 'POD79281228', '3');
INSERT INTO [dbo].[Meter] ([id], [name], [pod_identifier], [energy_type_id]) VALUES (51, 'Cookley', 'POD04514473', '4');
INSERT INTO [dbo].[Meter] ([id], [name], [pod_identifier], [energy_type_id]) VALUES (52, 'Sub-Ex', 'POD66366589', '3');
INSERT INTO [dbo].[Meter] ([id], [name], [pod_identifier], [energy_type_id]) VALUES (53, 'Fintone', 'POD25480201', '4');
INSERT INTO [dbo].[Meter] ([id], [name], [pod_identifier], [energy_type_id]) VALUES (54, 'Cookley', 'POD63854368', '4');
INSERT INTO [dbo].[Meter] ([id], [name], [pod_identifier], [energy_type_id]) VALUES (55, 'Viva', 'POD18985676', '4');
INSERT INTO [dbo].[Meter] ([id], [name], [pod_identifier], [energy_type_id]) VALUES (56, 'Bytecard', 'POD04874415', '3');
INSERT INTO [dbo].[Meter] ([id], [name], [pod_identifier], [energy_type_id]) VALUES (57, 'Y-find', 'POD04586638', '3');
INSERT INTO [dbo].[Meter] ([id], [name], [pod_identifier], [energy_type_id]) VALUES (58, 'Pannier', 'POD63503091', '3');
INSERT INTO [dbo].[Meter] ([id], [name], [pod_identifier], [energy_type_id]) VALUES (59, 'Latlux', 'POD21243805', '4');
INSERT INTO [dbo].[Meter] ([id], [name], [pod_identifier], [energy_type_id]) VALUES (60, 'Job', 'POD35690014', '4');
INSERT INTO [dbo].[Meter] ([id], [name], [pod_identifier], [energy_type_id]) VALUES (61, 'Temp', 'POD15643802', '2');
INSERT INTO [dbo].[Meter] ([id], [name], [pod_identifier], [energy_type_id]) VALUES (62, 'Span', 'POD74822244', '3');
INSERT INTO [dbo].[Meter] ([id], [name], [pod_identifier], [energy_type_id]) VALUES (63, 'Zamit', 'POD47626054', '4');
INSERT INTO [dbo].[Meter] ([id], [name], [pod_identifier], [energy_type_id]) VALUES (64, 'Flexidy', 'POD19531563', '2');
INSERT INTO [dbo].[Meter] ([id], [name], [pod_identifier], [energy_type_id]) VALUES (65, 'Rank', 'POD75409808', '3');
INSERT INTO [dbo].[Meter] ([id], [name], [pod_identifier], [energy_type_id]) VALUES (66, 'Asoka', 'POD50196297', '3');
INSERT INTO [dbo].[Meter] ([id], [name], [pod_identifier], [energy_type_id]) VALUES (67, 'Wrapsafe', 'POD07691371', '4');
INSERT INTO [dbo].[Meter] ([id], [name], [pod_identifier], [energy_type_id]) VALUES (68, 'Span', 'POD24169537', '4');
INSERT INTO [dbo].[Meter] ([id], [name], [pod_identifier], [energy_type_id]) VALUES (69, 'Biodex', 'POD05015320', '4');
INSERT INTO [dbo].[Meter] ([id], [name], [pod_identifier], [energy_type_id]) VALUES (70, 'Trippledex', 'POD80534355', '4');
INSERT INTO [dbo].[Meter] ([id], [name], [pod_identifier], [energy_type_id]) VALUES (71, 'Span', 'POD13260135', '4');
INSERT INTO [dbo].[Meter] ([id], [name], [pod_identifier], [energy_type_id]) VALUES (72, 'Duobam', 'POD25999885', '2');
INSERT INTO [dbo].[Meter] ([id], [name], [pod_identifier], [energy_type_id]) VALUES (73, 'Holdlamis', 'POD44162711', '3');
INSERT INTO [dbo].[Meter] ([id], [name], [pod_identifier], [energy_type_id]) VALUES (74, 'Lotlux', 'POD41188633', '3');
INSERT INTO [dbo].[Meter] ([id], [name], [pod_identifier], [energy_type_id]) VALUES (75, 'Stronghold', 'POD90921729', '4');
INSERT INTO [dbo].[Meter] ([id], [name], [pod_identifier], [energy_type_id]) VALUES (76, 'Ventosanzap', 'POD36867025', '4');
INSERT INTO [dbo].[Meter] ([id], [name], [pod_identifier], [energy_type_id]) VALUES (77, 'Lotstring', 'POD80112892', '4');
INSERT INTO [dbo].[Meter] ([id], [name], [pod_identifier], [energy_type_id]) VALUES (78, 'Daltfresh', 'POD53173990', '4');
INSERT INTO [dbo].[Meter] ([id], [name], [pod_identifier], [energy_type_id]) VALUES (79, 'It', 'POD31140263', '2');
INSERT INTO [dbo].[Meter] ([id], [name], [pod_identifier], [energy_type_id]) VALUES (80, 'Fixflex', 'POD04367336', '3');
INSERT INTO [dbo].[Meter] ([id], [name], [pod_identifier], [energy_type_id]) VALUES (81, 'Greenlam', 'POD31704284', '4');
INSERT INTO [dbo].[Meter] ([id], [name], [pod_identifier], [energy_type_id]) VALUES (82, 'Fix San', 'POD84344752', '3');
INSERT INTO [dbo].[Meter] ([id], [name], [pod_identifier], [energy_type_id]) VALUES (83, 'Voyatouch', 'POD36819202', '3');
INSERT INTO [dbo].[Meter] ([id], [name], [pod_identifier], [energy_type_id]) VALUES (84, 'Fix San', 'POD92735742', '3');
INSERT INTO [dbo].[Meter] ([id], [name], [pod_identifier], [energy_type_id]) VALUES (85, 'Konklab', 'POD78985533', '1');
INSERT INTO [dbo].[Meter] ([id], [name], [pod_identifier], [energy_type_id]) VALUES (86, 'Veribet', 'POD17876083', '2');
INSERT INTO [dbo].[Meter] ([id], [name], [pod_identifier], [energy_type_id]) VALUES (87, 'Gembucket', 'POD62324450', '4');
INSERT INTO [dbo].[Meter] ([id], [name], [pod_identifier], [energy_type_id]) VALUES (88, 'Prodder', 'POD02392004', '4');
INSERT INTO [dbo].[Meter] ([id], [name], [pod_identifier], [energy_type_id]) VALUES (89, 'Sonsing', 'POD13633208', '3');
INSERT INTO [dbo].[Meter] ([id], [name], [pod_identifier], [energy_type_id]) VALUES (90, 'Andalax', 'POD79884680', '1');
INSERT INTO [dbo].[Meter] ([id], [name], [pod_identifier], [energy_type_id]) VALUES (91, 'Keylex', 'POD34543818', '2');
INSERT INTO [dbo].[Meter] ([id], [name], [pod_identifier], [energy_type_id]) VALUES (92, 'Pannier', 'POD99406616', '1');
INSERT INTO [dbo].[Meter] ([id], [name], [pod_identifier], [energy_type_id]) VALUES (93, 'Fixflex', 'POD57442738', '3');
INSERT INTO [dbo].[Meter] ([id], [name], [pod_identifier], [energy_type_id]) VALUES (94, 'Tin', 'POD02351298', '4');
INSERT INTO [dbo].[Meter] ([id], [name], [pod_identifier], [energy_type_id]) VALUES (95, 'Job', 'POD29892459', '4');
INSERT INTO [dbo].[Meter] ([id], [name], [pod_identifier], [energy_type_id]) VALUES (96, 'Y-Solowarm', 'POD20901398', '4');
INSERT INTO [dbo].[Meter] ([id], [name], [pod_identifier], [energy_type_id]) VALUES (97, 'Viva', 'POD84514110', '1');
INSERT INTO [dbo].[Meter] ([id], [name], [pod_identifier], [energy_type_id]) VALUES (98, 'Bamity', 'POD88714009', '4');
INSERT INTO [dbo].[Meter] ([id], [name], [pod_identifier], [energy_type_id]) VALUES (99, 'Kanlam', 'POD23362570', '3');
INSERT INTO [dbo].[Meter] ([id], [name], [pod_identifier], [energy_type_id]) VALUES (100, 'Toughjoyfax', 'POD84061747', '4');
SET IDENTITY_INSERT [dbo].[Meter] OFF

SET IDENTITY_INSERT [dbo].[Meter15m] ON
INSERT INTO Meter15m ([id], [meter_id], [value]) VALUES (1, '13', '6');
INSERT INTO Meter15m ([id], [meter_id], [value]) VALUES (2, '11', '19');
INSERT INTO Meter15m ([id], [meter_id], [value]) VALUES (3, '13', '16');
INSERT INTO Meter15m ([id], [meter_id], [value]) VALUES (4, '6', '2');
INSERT INTO Meter15m ([id], [meter_id], [value]) VALUES (5, '14', '1');
INSERT INTO Meter15m ([id], [meter_id], [value]) VALUES (6, '14', '4');
INSERT INTO Meter15m ([id], [meter_id], [value]) VALUES (7, '16', '14');
INSERT INTO Meter15m ([id], [meter_id], [value]) VALUES (8, '2', '15');
INSERT INTO Meter15m ([id], [meter_id], [value]) VALUES (9, '15', '0');
INSERT INTO Meter15m ([id], [meter_id], [value]) VALUES (10, '8', '6');
INSERT INTO Meter15m ([id], [meter_id], [value]) VALUES (11, '2', '18');
INSERT INTO Meter15m ([id], [meter_id], [value]) VALUES (12, '9', '13');
INSERT INTO Meter15m ([id], [meter_id], [value]) VALUES (13, '14', '7');
INSERT INTO Meter15m ([id], [meter_id], [value]) VALUES (14, '5', '14');
INSERT INTO Meter15m ([id], [meter_id], [value]) VALUES (15, '3', '7');
INSERT INTO Meter15m ([id], [meter_id], [value]) VALUES (16, '16', '6');
INSERT INTO Meter15m ([id], [meter_id], [value]) VALUES (17, '11', '2');
INSERT INTO Meter15m ([id], [meter_id], [value]) VALUES (18, '19', '18');
INSERT INTO Meter15m ([id], [meter_id], [value]) VALUES (19, '10', '13');
INSERT INTO Meter15m ([id], [meter_id], [value]) VALUES (20, '15', '6');
INSERT INTO Meter15m ([id], [meter_id], [value]) VALUES (21, '2', '17');
INSERT INTO Meter15m ([id], [meter_id], [value]) VALUES (22, '19', '3');
INSERT INTO Meter15m ([id], [meter_id], [value]) VALUES (23, '1', '9');
INSERT INTO Meter15m ([id], [meter_id], [value]) VALUES (24, '13', '10');
INSERT INTO Meter15m ([id], [meter_id], [value]) VALUES (25, '5', '8');
INSERT INTO Meter15m ([id], [meter_id], [value]) VALUES (26, '19', '14');
INSERT INTO Meter15m ([id], [meter_id], [value]) VALUES (27, '16', '3');
INSERT INTO Meter15m ([id], [meter_id], [value]) VALUES (28, '10', '16');
INSERT INTO Meter15m ([id], [meter_id], [value]) VALUES (29, '14', '15');
INSERT INTO Meter15m ([id], [meter_id], [value]) VALUES (30, '13', '7');
INSERT INTO Meter15m ([id], [meter_id], [value]) VALUES (31, '12', '15');
INSERT INTO Meter15m ([id], [meter_id], [value]) VALUES (32, '0', '2');
INSERT INTO Meter15m ([id], [meter_id], [value]) VALUES (33, '6', '7');
INSERT INTO Meter15m ([id], [meter_id], [value]) VALUES (34, '19', '14');
INSERT INTO Meter15m ([id], [meter_id], [value]) VALUES (35, '11', '6');
INSERT INTO Meter15m ([id], [meter_id], [value]) VALUES (36, '17', '12');
INSERT INTO Meter15m ([id], [meter_id], [value]) VALUES (37, '17', '7');
INSERT INTO Meter15m ([id], [meter_id], [value]) VALUES (38, '8', '8');
INSERT INTO Meter15m ([id], [meter_id], [value]) VALUES (39, '16', '12');
INSERT INTO Meter15m ([id], [meter_id], [value]) VALUES (40, '8', '19');
INSERT INTO Meter15m ([id], [meter_id], [value]) VALUES (41, '19', '13');
INSERT INTO Meter15m ([id], [meter_id], [value]) VALUES (42, '9', '6');
INSERT INTO Meter15m ([id], [meter_id], [value]) VALUES (43, '13', '11');
INSERT INTO Meter15m ([id], [meter_id], [value]) VALUES (44, '11', '16');
INSERT INTO Meter15m ([id], [meter_id], [value]) VALUES (45, '7', '11');
INSERT INTO Meter15m ([id], [meter_id], [value]) VALUES (46, '11', '7');
INSERT INTO Meter15m ([id], [meter_id], [value]) VALUES (47, '8', '11');
INSERT INTO Meter15m ([id], [meter_id], [value]) VALUES (48, '1', '18');
INSERT INTO Meter15m ([id], [meter_id], [value]) VALUES (49, '13', '5');
INSERT INTO Meter15m ([id], [meter_id], [value]) VALUES (50, '8', '6');
INSERT INTO Meter15m ([id], [meter_id], [value]) VALUES (51, '8', '16');
INSERT INTO Meter15m ([id], [meter_id], [value]) VALUES (52, '11', '2');
INSERT INTO Meter15m ([id], [meter_id], [value]) VALUES (53, '8', '10');
INSERT INTO Meter15m ([id], [meter_id], [value]) VALUES (54, '18', '18');
INSERT INTO Meter15m ([id], [meter_id], [value]) VALUES (55, '0', '17');
INSERT INTO Meter15m ([id], [meter_id], [value]) VALUES (56, '0', '14');
INSERT INTO Meter15m ([id], [meter_id], [value]) VALUES (57, '15', '12');
INSERT INTO Meter15m ([id], [meter_id], [value]) VALUES (58, '8', '2');
INSERT INTO Meter15m ([id], [meter_id], [value]) VALUES (59, '10', '13');
INSERT INTO Meter15m ([id], [meter_id], [value]) VALUES (60, '12', '7');
INSERT INTO Meter15m ([id], [meter_id], [value]) VALUES (61, '7', '5');
INSERT INTO Meter15m ([id], [meter_id], [value]) VALUES (62, '13', '11');
INSERT INTO Meter15m ([id], [meter_id], [value]) VALUES (63, '4', '9');
INSERT INTO Meter15m ([id], [meter_id], [value]) VALUES (64, '9', '15');
INSERT INTO Meter15m ([id], [meter_id], [value]) VALUES (65, '13', '7');
INSERT INTO Meter15m ([id], [meter_id], [value]) VALUES (66, '13', '1');
INSERT INTO Meter15m ([id], [meter_id], [value]) VALUES (67, '15', '13');
INSERT INTO Meter15m ([id], [meter_id], [value]) VALUES (68, '3', '6');
INSERT INTO Meter15m ([id], [meter_id], [value]) VALUES (69, '14', '14');
INSERT INTO Meter15m ([id], [meter_id], [value]) VALUES (70, '7', '10');
INSERT INTO Meter15m ([id], [meter_id], [value]) VALUES (71, '19', '15');
INSERT INTO Meter15m ([id], [meter_id], [value]) VALUES (72, '19', '19');
INSERT INTO Meter15m ([id], [meter_id], [value]) VALUES (73, '9', '6');
INSERT INTO Meter15m ([id], [meter_id], [value]) VALUES (74, '6', '4');
INSERT INTO Meter15m ([id], [meter_id], [value]) VALUES (75, '19', '17');
INSERT INTO Meter15m ([id], [meter_id], [value]) VALUES (76, '16', '19');
INSERT INTO Meter15m ([id], [meter_id], [value]) VALUES (77, '16', '16');
INSERT INTO Meter15m ([id], [meter_id], [value]) VALUES (78, '6', '4');
INSERT INTO Meter15m ([id], [meter_id], [value]) VALUES (79, '8', '9');
INSERT INTO Meter15m ([id], [meter_id], [value]) VALUES (80, '4', '18');
INSERT INTO Meter15m ([id], [meter_id], [value]) VALUES (81, '16', '0');
INSERT INTO Meter15m ([id], [meter_id], [value]) VALUES (82, '17', '16');
INSERT INTO Meter15m ([id], [meter_id], [value]) VALUES (83, '16', '4');
INSERT INTO Meter15m ([id], [meter_id], [value]) VALUES (84, '7', '5');
INSERT INTO Meter15m ([id], [meter_id], [value]) VALUES (85, '16', '5');
INSERT INTO Meter15m ([id], [meter_id], [value]) VALUES (86, '19', '8');
INSERT INTO Meter15m ([id], [meter_id], [value]) VALUES (87, '6', '9');
INSERT INTO Meter15m ([id], [meter_id], [value]) VALUES (88, '7', '6');
INSERT INTO Meter15m ([id], [meter_id], [value]) VALUES (89, '4', '1');
INSERT INTO Meter15m ([id], [meter_id], [value]) VALUES (90, '12', '13');
INSERT INTO Meter15m ([id], [meter_id], [value]) VALUES (91, '16', '4');
INSERT INTO Meter15m ([id], [meter_id], [value]) VALUES (92, '3', '11');
INSERT INTO Meter15m ([id], [meter_id], [value]) VALUES (93, '11', '7');
INSERT INTO Meter15m ([id], [meter_id], [value]) VALUES (94, '5', '14');
INSERT INTO Meter15m ([id], [meter_id], [value]) VALUES (95, '5', '18');
INSERT INTO Meter15m ([id], [meter_id], [value]) VALUES (96, '15', '18');
INSERT INTO Meter15m ([id], [meter_id], [value]) VALUES (97, '13', '1');
INSERT INTO Meter15m ([id], [meter_id], [value]) VALUES (98, '19', '12');
INSERT INTO Meter15m ([id], [meter_id], [value]) VALUES (99, '14', '3');
INSERT INTO Meter15m ([id], [meter_id], [value]) VALUES (100, '10', '15');
INSERT INTO Meter15m ([id], [meter_id], [value]) VALUES (101, '10', '7');
INSERT INTO Meter15m ([id], [meter_id], [value]) VALUES (102, '4', '1');
INSERT INTO Meter15m ([id], [meter_id], [value]) VALUES (103, '19', '19');
INSERT INTO Meter15m ([id], [meter_id], [value]) VALUES (104, '16', '11');
INSERT INTO Meter15m ([id], [meter_id], [value]) VALUES (105, '1', '1');
INSERT INTO Meter15m ([id], [meter_id], [value]) VALUES (106, '8', '10');
INSERT INTO Meter15m ([id], [meter_id], [value]) VALUES (107, '3', '14');
INSERT INTO Meter15m ([id], [meter_id], [value]) VALUES (108, '4', '14');
INSERT INTO Meter15m ([id], [meter_id], [value]) VALUES (109, '6', '6');
INSERT INTO Meter15m ([id], [meter_id], [value]) VALUES (110, '12', '14');
INSERT INTO Meter15m ([id], [meter_id], [value]) VALUES (111, '13', '9');
INSERT INTO Meter15m ([id], [meter_id], [value]) VALUES (112, '15', '7');
INSERT INTO Meter15m ([id], [meter_id], [value]) VALUES (113, '9', '9');
INSERT INTO Meter15m ([id], [meter_id], [value]) VALUES (114, '13', '1');
INSERT INTO Meter15m ([id], [meter_id], [value]) VALUES (115, '10', '14');
INSERT INTO Meter15m ([id], [meter_id], [value]) VALUES (116, '0', '9');
INSERT INTO Meter15m ([id], [meter_id], [value]) VALUES (117, '10', '7');
INSERT INTO Meter15m ([id], [meter_id], [value]) VALUES (118, '2', '1');
INSERT INTO Meter15m ([id], [meter_id], [value]) VALUES (119, '3', '3');
INSERT INTO Meter15m ([id], [meter_id], [value]) VALUES (120, '19', '16');
INSERT INTO Meter15m ([id], [meter_id], [value]) VALUES (121, '17', '7');
INSERT INTO Meter15m ([id], [meter_id], [value]) VALUES (122, '1', '1');
INSERT INTO Meter15m ([id], [meter_id], [value]) VALUES (123, '7', '9');
INSERT INTO Meter15m ([id], [meter_id], [value]) VALUES (124, '14', '2');
INSERT INTO Meter15m ([id], [meter_id], [value]) VALUES (125, '3', '14');
INSERT INTO Meter15m ([id], [meter_id], [value]) VALUES (126, '3', '7');
INSERT INTO Meter15m ([id], [meter_id], [value]) VALUES (127, '16', '14');
INSERT INTO Meter15m ([id], [meter_id], [value]) VALUES (128, '15', '12');
INSERT INTO Meter15m ([id], [meter_id], [value]) VALUES (129, '2', '1');
INSERT INTO Meter15m ([id], [meter_id], [value]) VALUES (130, '11', '18');
INSERT INTO Meter15m ([id], [meter_id], [value]) VALUES (131, '16', '6');
INSERT INTO Meter15m ([id], [meter_id], [value]) VALUES (132, '9', '13');
INSERT INTO Meter15m ([id], [meter_id], [value]) VALUES (133, '10', '18');
INSERT INTO Meter15m ([id], [meter_id], [value]) VALUES (134, '3', '15');
INSERT INTO Meter15m ([id], [meter_id], [value]) VALUES (135, '19', '3');
INSERT INTO Meter15m ([id], [meter_id], [value]) VALUES (136, '13', '3');
INSERT INTO Meter15m ([id], [meter_id], [value]) VALUES (137, '11', '13');
INSERT INTO Meter15m ([id], [meter_id], [value]) VALUES (138, '6', '16');
INSERT INTO Meter15m ([id], [meter_id], [value]) VALUES (139, '0', '10');
INSERT INTO Meter15m ([id], [meter_id], [value]) VALUES (140, '13', '0');
INSERT INTO Meter15m ([id], [meter_id], [value]) VALUES (141, '7', '8');
INSERT INTO Meter15m ([id], [meter_id], [value]) VALUES (142, '5', '0');
INSERT INTO Meter15m ([id], [meter_id], [value]) VALUES (143, '18', '1');
INSERT INTO Meter15m ([id], [meter_id], [value]) VALUES (144, '10', '19');
INSERT INTO Meter15m ([id], [meter_id], [value]) VALUES (145, '14', '0');
INSERT INTO Meter15m ([id], [meter_id], [value]) VALUES (146, '15', '15');
INSERT INTO Meter15m ([id], [meter_id], [value]) VALUES (147, '19', '19');
INSERT INTO Meter15m ([id], [meter_id], [value]) VALUES (148, '9', '16');
INSERT INTO Meter15m ([id], [meter_id], [value]) VALUES (149, '6', '15');
INSERT INTO Meter15m ([id], [meter_id], [value]) VALUES (150, '14', '5');
INSERT INTO Meter15m ([id], [meter_id], [value]) VALUES (151, '16', '2');
INSERT INTO Meter15m ([id], [meter_id], [value]) VALUES (152, '11', '6');
INSERT INTO Meter15m ([id], [meter_id], [value]) VALUES (153, '8', '0');
INSERT INTO Meter15m ([id], [meter_id], [value]) VALUES (154, '16', '12');
INSERT INTO Meter15m ([id], [meter_id], [value]) VALUES (155, '15', '14');
INSERT INTO Meter15m ([id], [meter_id], [value]) VALUES (156, '12', '15');
INSERT INTO Meter15m ([id], [meter_id], [value]) VALUES (157, '17', '1');
INSERT INTO Meter15m ([id], [meter_id], [value]) VALUES (158, '18', '19');
INSERT INTO Meter15m ([id], [meter_id], [value]) VALUES (159, '5', '17');
INSERT INTO Meter15m ([id], [meter_id], [value]) VALUES (160, '18', '2');
INSERT INTO Meter15m ([id], [meter_id], [value]) VALUES (161, '13', '3');
INSERT INTO Meter15m ([id], [meter_id], [value]) VALUES (162, '13', '0');
INSERT INTO Meter15m ([id], [meter_id], [value]) VALUES (163, '16', '8');
INSERT INTO Meter15m ([id], [meter_id], [value]) VALUES (164, '3', '16');
INSERT INTO Meter15m ([id], [meter_id], [value]) VALUES (165, '12', '8');
INSERT INTO Meter15m ([id], [meter_id], [value]) VALUES (166, '3', '1');
INSERT INTO Meter15m ([id], [meter_id], [value]) VALUES (167, '6', '17');
INSERT INTO Meter15m ([id], [meter_id], [value]) VALUES (168, '16', '13');
INSERT INTO Meter15m ([id], [meter_id], [value]) VALUES (169, '12', '19');
INSERT INTO Meter15m ([id], [meter_id], [value]) VALUES (170, '11', '10');
INSERT INTO Meter15m ([id], [meter_id], [value]) VALUES (171, '14', '2');
INSERT INTO Meter15m ([id], [meter_id], [value]) VALUES (172, '2', '17');
INSERT INTO Meter15m ([id], [meter_id], [value]) VALUES (173, '15', '1');
INSERT INTO Meter15m ([id], [meter_id], [value]) VALUES (174, '0', '13');
INSERT INTO Meter15m ([id], [meter_id], [value]) VALUES (175, '6', '18');
INSERT INTO Meter15m ([id], [meter_id], [value]) VALUES (176, '19', '2');
INSERT INTO Meter15m ([id], [meter_id], [value]) VALUES (177, '11', '18');
INSERT INTO Meter15m ([id], [meter_id], [value]) VALUES (178, '16', '11');
INSERT INTO Meter15m ([id], [meter_id], [value]) VALUES (179, '12', '19');
INSERT INTO Meter15m ([id], [meter_id], [value]) VALUES (180, '7', '7');
INSERT INTO Meter15m ([id], [meter_id], [value]) VALUES (181, '1', '3');
INSERT INTO Meter15m ([id], [meter_id], [value]) VALUES (182, '12', '15');
INSERT INTO Meter15m ([id], [meter_id], [value]) VALUES (183, '10', '12');
INSERT INTO Meter15m ([id], [meter_id], [value]) VALUES (184, '10', '11');
INSERT INTO Meter15m ([id], [meter_id], [value]) VALUES (185, '9', '14');
INSERT INTO Meter15m ([id], [meter_id], [value]) VALUES (186, '12', '1');
INSERT INTO Meter15m ([id], [meter_id], [value]) VALUES (187, '12', '4');
INSERT INTO Meter15m ([id], [meter_id], [value]) VALUES (188, '0', '13');
INSERT INTO Meter15m ([id], [meter_id], [value]) VALUES (189, '2', '13');
INSERT INTO Meter15m ([id], [meter_id], [value]) VALUES (190, '18', '19');
INSERT INTO Meter15m ([id], [meter_id], [value]) VALUES (191, '3', '16');
INSERT INTO Meter15m ([id], [meter_id], [value]) VALUES (192, '14', '7');
INSERT INTO Meter15m ([id], [meter_id], [value]) VALUES (193, '13', '8');
INSERT INTO Meter15m ([id], [meter_id], [value]) VALUES (194, '8', '13');
INSERT INTO Meter15m ([id], [meter_id], [value]) VALUES (195, '11', '19');
INSERT INTO Meter15m ([id], [meter_id], [value]) VALUES (196, '11', '7');
INSERT INTO Meter15m ([id], [meter_id], [value]) VALUES (197, '8', '16');
INSERT INTO Meter15m ([id], [meter_id], [value]) VALUES (198, '18', '3');
INSERT INTO Meter15m ([id], [meter_id], [value]) VALUES (199, '16', '1');
INSERT INTO Meter15m ([id], [meter_id], [value]) VALUES (200, '15', '7');
INSERT INTO Meter15m ([id], [meter_id], [value]) VALUES (201, '4', '14');
INSERT INTO Meter15m ([id], [meter_id], [value]) VALUES (202, '19', '2');
INSERT INTO Meter15m ([id], [meter_id], [value]) VALUES (203, '4', '9');
INSERT INTO Meter15m ([id], [meter_id], [value]) VALUES (204, '1', '15');
INSERT INTO Meter15m ([id], [meter_id], [value]) VALUES (205, '11', '17');
INSERT INTO Meter15m ([id], [meter_id], [value]) VALUES (206, '3', '14');
INSERT INTO Meter15m ([id], [meter_id], [value]) VALUES (207, '3', '9');
INSERT INTO Meter15m ([id], [meter_id], [value]) VALUES (208, '3', '13');
INSERT INTO Meter15m ([id], [meter_id], [value]) VALUES (209, '4', '9');
INSERT INTO Meter15m ([id], [meter_id], [value]) VALUES (210, '12', '6');
INSERT INTO Meter15m ([id], [meter_id], [value]) VALUES (211, '15', '19');
INSERT INTO Meter15m ([id], [meter_id], [value]) VALUES (212, '14', '17');
INSERT INTO Meter15m ([id], [meter_id], [value]) VALUES (213, '14', '2');
INSERT INTO Meter15m ([id], [meter_id], [value]) VALUES (214, '6', '10');
INSERT INTO Meter15m ([id], [meter_id], [value]) VALUES (215, '12', '12');
INSERT INTO Meter15m ([id], [meter_id], [value]) VALUES (216, '11', '1');
INSERT INTO Meter15m ([id], [meter_id], [value]) VALUES (217, '8', '14');
INSERT INTO Meter15m ([id], [meter_id], [value]) VALUES (218, '14', '10');
INSERT INTO Meter15m ([id], [meter_id], [value]) VALUES (219, '4', '5');
INSERT INTO Meter15m ([id], [meter_id], [value]) VALUES (220, '18', '8');
INSERT INTO Meter15m ([id], [meter_id], [value]) VALUES (221, '2', '6');
INSERT INTO Meter15m ([id], [meter_id], [value]) VALUES (222, '15', '6');
INSERT INTO Meter15m ([id], [meter_id], [value]) VALUES (223, '17', '4');
INSERT INTO Meter15m ([id], [meter_id], [value]) VALUES (224, '17', '16');
INSERT INTO Meter15m ([id], [meter_id], [value]) VALUES (225, '3', '8');
INSERT INTO Meter15m ([id], [meter_id], [value]) VALUES (226, '19', '1');
INSERT INTO Meter15m ([id], [meter_id], [value]) VALUES (227, '17', '9');
INSERT INTO Meter15m ([id], [meter_id], [value]) VALUES (228, '2', '7');
INSERT INTO Meter15m ([id], [meter_id], [value]) VALUES (229, '5', '0');
INSERT INTO Meter15m ([id], [meter_id], [value]) VALUES (230, '10', '14');
INSERT INTO Meter15m ([id], [meter_id], [value]) VALUES (231, '9', '8');
INSERT INTO Meter15m ([id], [meter_id], [value]) VALUES (232, '18', '3');
INSERT INTO Meter15m ([id], [meter_id], [value]) VALUES (233, '8', '17');
INSERT INTO Meter15m ([id], [meter_id], [value]) VALUES (234, '8', '14');
INSERT INTO Meter15m ([id], [meter_id], [value]) VALUES (235, '12', '1');
INSERT INTO Meter15m ([id], [meter_id], [value]) VALUES (236, '13', '17');
INSERT INTO Meter15m ([id], [meter_id], [value]) VALUES (237, '5', '4');
INSERT INTO Meter15m ([id], [meter_id], [value]) VALUES (238, '15', '7');
INSERT INTO Meter15m ([id], [meter_id], [value]) VALUES (239, '2', '15');
INSERT INTO Meter15m ([id], [meter_id], [value]) VALUES (240, '5', '3');
INSERT INTO Meter15m ([id], [meter_id], [value]) VALUES (241, '16', '13');
INSERT INTO Meter15m ([id], [meter_id], [value]) VALUES (242, '8', '9');
INSERT INTO Meter15m ([id], [meter_id], [value]) VALUES (243, '11', '13');
INSERT INTO Meter15m ([id], [meter_id], [value]) VALUES (244, '10', '18');
INSERT INTO Meter15m ([id], [meter_id], [value]) VALUES (245, '19', '6');
INSERT INTO Meter15m ([id], [meter_id], [value]) VALUES (246, '14', '5');
INSERT INTO Meter15m ([id], [meter_id], [value]) VALUES (247, '2', '9');
INSERT INTO Meter15m ([id], [meter_id], [value]) VALUES (248, '2', '11');
INSERT INTO Meter15m ([id], [meter_id], [value]) VALUES (249, '4', '12');
INSERT INTO Meter15m ([id], [meter_id], [value]) VALUES (250, '0', '13');
INSERT INTO Meter15m ([id], [meter_id], [value]) VALUES (251, '0', '17');
INSERT INTO Meter15m ([id], [meter_id], [value]) VALUES (252, '17', '8');
INSERT INTO Meter15m ([id], [meter_id], [value]) VALUES (253, '12', '14');
INSERT INTO Meter15m ([id], [meter_id], [value]) VALUES (254, '1', '3');
INSERT INTO Meter15m ([id], [meter_id], [value]) VALUES (255, '4', '9');
INSERT INTO Meter15m ([id], [meter_id], [value]) VALUES (256, '12', '6');
INSERT INTO Meter15m ([id], [meter_id], [value]) VALUES (257, '8', '6');
INSERT INTO Meter15m ([id], [meter_id], [value]) VALUES (258, '17', '10');
INSERT INTO Meter15m ([id], [meter_id], [value]) VALUES (259, '3', '5');
INSERT INTO Meter15m ([id], [meter_id], [value]) VALUES (260, '4', '8');
INSERT INTO Meter15m ([id], [meter_id], [value]) VALUES (261, '6', '13');
INSERT INTO Meter15m ([id], [meter_id], [value]) VALUES (262, '2', '5');
INSERT INTO Meter15m ([id], [meter_id], [value]) VALUES (263, '2', '6');
INSERT INTO Meter15m ([id], [meter_id], [value]) VALUES (264, '16', '19');
INSERT INTO Meter15m ([id], [meter_id], [value]) VALUES (265, '8', '8');
INSERT INTO Meter15m ([id], [meter_id], [value]) VALUES (266, '16', '13');
INSERT INTO Meter15m ([id], [meter_id], [value]) VALUES (267, '10', '4');
INSERT INTO Meter15m ([id], [meter_id], [value]) VALUES (268, '13', '16');
INSERT INTO Meter15m ([id], [meter_id], [value]) VALUES (269, '8', '1');
INSERT INTO Meter15m ([id], [meter_id], [value]) VALUES (270, '11', '9');
INSERT INTO Meter15m ([id], [meter_id], [value]) VALUES (271, '1', '19');
INSERT INTO Meter15m ([id], [meter_id], [value]) VALUES (272, '14', '12');
INSERT INTO Meter15m ([id], [meter_id], [value]) VALUES (273, '5', '13');
INSERT INTO Meter15m ([id], [meter_id], [value]) VALUES (274, '2', '19');
INSERT INTO Meter15m ([id], [meter_id], [value]) VALUES (275, '7', '1');
INSERT INTO Meter15m ([id], [meter_id], [value]) VALUES (276, '1', '11');
INSERT INTO Meter15m ([id], [meter_id], [value]) VALUES (277, '11', '18');
INSERT INTO Meter15m ([id], [meter_id], [value]) VALUES (278, '10', '9');
INSERT INTO Meter15m ([id], [meter_id], [value]) VALUES (279, '11', '5');
INSERT INTO Meter15m ([id], [meter_id], [value]) VALUES (280, '8', '0');
INSERT INTO Meter15m ([id], [meter_id], [value]) VALUES (281, '9', '4');
INSERT INTO Meter15m ([id], [meter_id], [value]) VALUES (282, '2', '10');
INSERT INTO Meter15m ([id], [meter_id], [value]) VALUES (283, '8', '18');
INSERT INTO Meter15m ([id], [meter_id], [value]) VALUES (284, '8', '15');
INSERT INTO Meter15m ([id], [meter_id], [value]) VALUES (285, '18', '6');
INSERT INTO Meter15m ([id], [meter_id], [value]) VALUES (286, '0', '18');
INSERT INTO Meter15m ([id], [meter_id], [value]) VALUES (287, '3', '8');
INSERT INTO Meter15m ([id], [meter_id], [value]) VALUES (288, '7', '14');
INSERT INTO Meter15m ([id], [meter_id], [value]) VALUES (289, '8', '0');
INSERT INTO Meter15m ([id], [meter_id], [value]) VALUES (290, '1', '3');
INSERT INTO Meter15m ([id], [meter_id], [value]) VALUES (291, '9', '6');
INSERT INTO Meter15m ([id], [meter_id], [value]) VALUES (292, '13', '15');
INSERT INTO Meter15m ([id], [meter_id], [value]) VALUES (293, '16', '11');
INSERT INTO Meter15m ([id], [meter_id], [value]) VALUES (294, '7', '4');
INSERT INTO Meter15m ([id], [meter_id], [value]) VALUES (295, '1', '15');
INSERT INTO Meter15m ([id], [meter_id], [value]) VALUES (296, '7', '2');
INSERT INTO Meter15m ([id], [meter_id], [value]) VALUES (297, '17', '9');
INSERT INTO Meter15m ([id], [meter_id], [value]) VALUES (298, '0', '13');
INSERT INTO Meter15m ([id], [meter_id], [value]) VALUES (299, '12', '11');
INSERT INTO Meter15m ([id], [meter_id], [value]) VALUES (300, '18', '17');
INSERT INTO Meter15m ([id], [meter_id], [value]) VALUES (301, '19', '19');
INSERT INTO Meter15m ([id], [meter_id], [value]) VALUES (302, '12', '14');
INSERT INTO Meter15m ([id], [meter_id], [value]) VALUES (303, '0', '3');
INSERT INTO Meter15m ([id], [meter_id], [value]) VALUES (304, '5', '16');
INSERT INTO Meter15m ([id], [meter_id], [value]) VALUES (305, '14', '3');
INSERT INTO Meter15m ([id], [meter_id], [value]) VALUES (306, '4', '14');
INSERT INTO Meter15m ([id], [meter_id], [value]) VALUES (307, '4', '2');
INSERT INTO Meter15m ([id], [meter_id], [value]) VALUES (308, '0', '13');
INSERT INTO Meter15m ([id], [meter_id], [value]) VALUES (309, '16', '18');
INSERT INTO Meter15m ([id], [meter_id], [value]) VALUES (310, '11', '4');
INSERT INTO Meter15m ([id], [meter_id], [value]) VALUES (311, '10', '9');
INSERT INTO Meter15m ([id], [meter_id], [value]) VALUES (312, '6', '4');
INSERT INTO Meter15m ([id], [meter_id], [value]) VALUES (313, '1', '12');
INSERT INTO Meter15m ([id], [meter_id], [value]) VALUES (314, '16', '6');
INSERT INTO Meter15m ([id], [meter_id], [value]) VALUES (315, '5', '4');
INSERT INTO Meter15m ([id], [meter_id], [value]) VALUES (316, '10', '14');
INSERT INTO Meter15m ([id], [meter_id], [value]) VALUES (317, '19', '3');
INSERT INTO Meter15m ([id], [meter_id], [value]) VALUES (318, '17', '11');
INSERT INTO Meter15m ([id], [meter_id], [value]) VALUES (319, '11', '15');
INSERT INTO Meter15m ([id], [meter_id], [value]) VALUES (320, '14', '9');
INSERT INTO Meter15m ([id], [meter_id], [value]) VALUES (321, '1', '18');
INSERT INTO Meter15m ([id], [meter_id], [value]) VALUES (322, '17', '15');
INSERT INTO Meter15m ([id], [meter_id], [value]) VALUES (323, '11', '8');
INSERT INTO Meter15m ([id], [meter_id], [value]) VALUES (324, '19', '3');
INSERT INTO Meter15m ([id], [meter_id], [value]) VALUES (325, '16', '12');
INSERT INTO Meter15m ([id], [meter_id], [value]) VALUES (326, '3', '0');
INSERT INTO Meter15m ([id], [meter_id], [value]) VALUES (327, '9', '13');
INSERT INTO Meter15m ([id], [meter_id], [value]) VALUES (328, '6', '3');
INSERT INTO Meter15m ([id], [meter_id], [value]) VALUES (329, '10', '15');
INSERT INTO Meter15m ([id], [meter_id], [value]) VALUES (330, '1', '14');
INSERT INTO Meter15m ([id], [meter_id], [value]) VALUES (331, '2', '14');
INSERT INTO Meter15m ([id], [meter_id], [value]) VALUES (332, '0', '16');
INSERT INTO Meter15m ([id], [meter_id], [value]) VALUES (333, '18', '5');
INSERT INTO Meter15m ([id], [meter_id], [value]) VALUES (334, '14', '5');
INSERT INTO Meter15m ([id], [meter_id], [value]) VALUES (335, '2', '15');
INSERT INTO Meter15m ([id], [meter_id], [value]) VALUES (336, '12', '16');
INSERT INTO Meter15m ([id], [meter_id], [value]) VALUES (337, '13', '4');
INSERT INTO Meter15m ([id], [meter_id], [value]) VALUES (338, '12', '13');
INSERT INTO Meter15m ([id], [meter_id], [value]) VALUES (339, '2', '13');
INSERT INTO Meter15m ([id], [meter_id], [value]) VALUES (340, '10', '6');
INSERT INTO Meter15m ([id], [meter_id], [value]) VALUES (341, '7', '19');
INSERT INTO Meter15m ([id], [meter_id], [value]) VALUES (342, '12', '17');
INSERT INTO Meter15m ([id], [meter_id], [value]) VALUES (343, '1', '13');
INSERT INTO Meter15m ([id], [meter_id], [value]) VALUES (344, '3', '7');
INSERT INTO Meter15m ([id], [meter_id], [value]) VALUES (345, '11', '19');
INSERT INTO Meter15m ([id], [meter_id], [value]) VALUES (346, '15', '1');
INSERT INTO Meter15m ([id], [meter_id], [value]) VALUES (347, '5', '2');
INSERT INTO Meter15m ([id], [meter_id], [value]) VALUES (348, '9', '10');
INSERT INTO Meter15m ([id], [meter_id], [value]) VALUES (349, '1', '17');
INSERT INTO Meter15m ([id], [meter_id], [value]) VALUES (350, '14', '2');
INSERT INTO Meter15m ([id], [meter_id], [value]) VALUES (351, '7', '2');
INSERT INTO Meter15m ([id], [meter_id], [value]) VALUES (352, '19', '2');
INSERT INTO Meter15m ([id], [meter_id], [value]) VALUES (353, '19', '8');
INSERT INTO Meter15m ([id], [meter_id], [value]) VALUES (354, '9', '5');
INSERT INTO Meter15m ([id], [meter_id], [value]) VALUES (355, '19', '9');
INSERT INTO Meter15m ([id], [meter_id], [value]) VALUES (356, '6', '14');
INSERT INTO Meter15m ([id], [meter_id], [value]) VALUES (357, '1', '13');
INSERT INTO Meter15m ([id], [meter_id], [value]) VALUES (358, '18', '3');
INSERT INTO Meter15m ([id], [meter_id], [value]) VALUES (359, '17', '19');
INSERT INTO Meter15m ([id], [meter_id], [value]) VALUES (360, '11', '4');
INSERT INTO Meter15m ([id], [meter_id], [value]) VALUES (361, '17', '16');
INSERT INTO Meter15m ([id], [meter_id], [value]) VALUES (362, '11', '8');
INSERT INTO Meter15m ([id], [meter_id], [value]) VALUES (363, '12', '10');
INSERT INTO Meter15m ([id], [meter_id], [value]) VALUES (364, '5', '6');
INSERT INTO Meter15m ([id], [meter_id], [value]) VALUES (365, '13', '4');
INSERT INTO Meter15m ([id], [meter_id], [value]) VALUES (366, '12', '13');
INSERT INTO Meter15m ([id], [meter_id], [value]) VALUES (367, '11', '15');
INSERT INTO Meter15m ([id], [meter_id], [value]) VALUES (368, '14', '3');
INSERT INTO Meter15m ([id], [meter_id], [value]) VALUES (369, '12', '0');
INSERT INTO Meter15m ([id], [meter_id], [value]) VALUES (370, '4', '6');
INSERT INTO Meter15m ([id], [meter_id], [value]) VALUES (371, '0', '11');
INSERT INTO Meter15m ([id], [meter_id], [value]) VALUES (372, '0', '14');
INSERT INTO Meter15m ([id], [meter_id], [value]) VALUES (373, '16', '4');
INSERT INTO Meter15m ([id], [meter_id], [value]) VALUES (374, '12', '5');
INSERT INTO Meter15m ([id], [meter_id], [value]) VALUES (375, '19', '11');
INSERT INTO Meter15m ([id], [meter_id], [value]) VALUES (376, '14', '9');
INSERT INTO Meter15m ([id], [meter_id], [value]) VALUES (377, '19', '16');
INSERT INTO Meter15m ([id], [meter_id], [value]) VALUES (378, '6', '1');
INSERT INTO Meter15m ([id], [meter_id], [value]) VALUES (379, '7', '18');
INSERT INTO Meter15m ([id], [meter_id], [value]) VALUES (380, '14', '0');
INSERT INTO Meter15m ([id], [meter_id], [value]) VALUES (381, '11', '10');
INSERT INTO Meter15m ([id], [meter_id], [value]) VALUES (382, '11', '11');
INSERT INTO Meter15m ([id], [meter_id], [value]) VALUES (383, '0', '4');
INSERT INTO Meter15m ([id], [meter_id], [value]) VALUES (384, '18', '3');
INSERT INTO Meter15m ([id], [meter_id], [value]) VALUES (385, '12', '12');
INSERT INTO Meter15m ([id], [meter_id], [value]) VALUES (386, '5', '5');
INSERT INTO Meter15m ([id], [meter_id], [value]) VALUES (387, '19', '4');
INSERT INTO Meter15m ([id], [meter_id], [value]) VALUES (388, '2', '15');
INSERT INTO Meter15m ([id], [meter_id], [value]) VALUES (389, '13', '1');
INSERT INTO Meter15m ([id], [meter_id], [value]) VALUES (390, '16', '1');
INSERT INTO Meter15m ([id], [meter_id], [value]) VALUES (391, '1', '15');
INSERT INTO Meter15m ([id], [meter_id], [value]) VALUES (392, '4', '13');
INSERT INTO Meter15m ([id], [meter_id], [value]) VALUES (393, '18', '6');
INSERT INTO Meter15m ([id], [meter_id], [value]) VALUES (394, '5', '0');
INSERT INTO Meter15m ([id], [meter_id], [value]) VALUES (395, '4', '10');
INSERT INTO Meter15m ([id], [meter_id], [value]) VALUES (396, '4', '18');
INSERT INTO Meter15m ([id], [meter_id], [value]) VALUES (397, '13', '9');
INSERT INTO Meter15m ([id], [meter_id], [value]) VALUES (398, '6', '14');
INSERT INTO Meter15m ([id], [meter_id], [value]) VALUES (399, '3', '14');
INSERT INTO Meter15m ([id], [meter_id], [value]) VALUES (400, '5', '14');
INSERT INTO Meter15m ([id], [meter_id], [value]) VALUES (401, '16', '15');
INSERT INTO Meter15m ([id], [meter_id], [value]) VALUES (402, '1', '19');
INSERT INTO Meter15m ([id], [meter_id], [value]) VALUES (403, '7', '17');
INSERT INTO Meter15m ([id], [meter_id], [value]) VALUES (404, '4', '6');
INSERT INTO Meter15m ([id], [meter_id], [value]) VALUES (405, '19', '6');
INSERT INTO Meter15m ([id], [meter_id], [value]) VALUES (406, '19', '9');
INSERT INTO Meter15m ([id], [meter_id], [value]) VALUES (407, '0', '18');
INSERT INTO Meter15m ([id], [meter_id], [value]) VALUES (408, '8', '9');
INSERT INTO Meter15m ([id], [meter_id], [value]) VALUES (409, '12', '9');
INSERT INTO Meter15m ([id], [meter_id], [value]) VALUES (410, '13', '19');
INSERT INTO Meter15m ([id], [meter_id], [value]) VALUES (411, '18', '8');
INSERT INTO Meter15m ([id], [meter_id], [value]) VALUES (412, '7', '9');
INSERT INTO Meter15m ([id], [meter_id], [value]) VALUES (413, '2', '0');
INSERT INTO Meter15m ([id], [meter_id], [value]) VALUES (414, '11', '1');
INSERT INTO Meter15m ([id], [meter_id], [value]) VALUES (415, '3', '7');
INSERT INTO Meter15m ([id], [meter_id], [value]) VALUES (416, '18', '2');
INSERT INTO Meter15m ([id], [meter_id], [value]) VALUES (417, '3', '11');
INSERT INTO Meter15m ([id], [meter_id], [value]) VALUES (418, '17', '5');
INSERT INTO Meter15m ([id], [meter_id], [value]) VALUES (419, '17', '9');
INSERT INTO Meter15m ([id], [meter_id], [value]) VALUES (420, '14', '1');
INSERT INTO Meter15m ([id], [meter_id], [value]) VALUES (421, '10', '10');
INSERT INTO Meter15m ([id], [meter_id], [value]) VALUES (422, '0', '2');
INSERT INTO Meter15m ([id], [meter_id], [value]) VALUES (423, '3', '14');
INSERT INTO Meter15m ([id], [meter_id], [value]) VALUES (424, '14', '7');
INSERT INTO Meter15m ([id], [meter_id], [value]) VALUES (425, '2', '5');
INSERT INTO Meter15m ([id], [meter_id], [value]) VALUES (426, '6', '16');
INSERT INTO Meter15m ([id], [meter_id], [value]) VALUES (427, '9', '17');
INSERT INTO Meter15m ([id], [meter_id], [value]) VALUES (428, '17', '0');
INSERT INTO Meter15m ([id], [meter_id], [value]) VALUES (429, '9', '4');
INSERT INTO Meter15m ([id], [meter_id], [value]) VALUES (430, '5', '12');
INSERT INTO Meter15m ([id], [meter_id], [value]) VALUES (431, '13', '10');
INSERT INTO Meter15m ([id], [meter_id], [value]) VALUES (432, '8', '14');
INSERT INTO Meter15m ([id], [meter_id], [value]) VALUES (433, '9', '11');
INSERT INTO Meter15m ([id], [meter_id], [value]) VALUES (434, '19', '4');
INSERT INTO Meter15m ([id], [meter_id], [value]) VALUES (435, '5', '16');
INSERT INTO Meter15m ([id], [meter_id], [value]) VALUES (436, '10', '9');
INSERT INTO Meter15m ([id], [meter_id], [value]) VALUES (437, '7', '6');
INSERT INTO Meter15m ([id], [meter_id], [value]) VALUES (438, '7', '5');
INSERT INTO Meter15m ([id], [meter_id], [value]) VALUES (439, '9', '11');
INSERT INTO Meter15m ([id], [meter_id], [value]) VALUES (440, '0', '5');
INSERT INTO Meter15m ([id], [meter_id], [value]) VALUES (441, '5', '4');
INSERT INTO Meter15m ([id], [meter_id], [value]) VALUES (442, '13', '8');
INSERT INTO Meter15m ([id], [meter_id], [value]) VALUES (443, '4', '12');
INSERT INTO Meter15m ([id], [meter_id], [value]) VALUES (444, '7', '12');
INSERT INTO Meter15m ([id], [meter_id], [value]) VALUES (445, '10', '7');
INSERT INTO Meter15m ([id], [meter_id], [value]) VALUES (446, '0', '15');
INSERT INTO Meter15m ([id], [meter_id], [value]) VALUES (447, '2', '6');
INSERT INTO Meter15m ([id], [meter_id], [value]) VALUES (448, '7', '9');
INSERT INTO Meter15m ([id], [meter_id], [value]) VALUES (449, '7', '4');
INSERT INTO Meter15m ([id], [meter_id], [value]) VALUES (450, '18', '17');
INSERT INTO Meter15m ([id], [meter_id], [value]) VALUES (451, '19', '0');
INSERT INTO Meter15m ([id], [meter_id], [value]) VALUES (452, '17', '8');
INSERT INTO Meter15m ([id], [meter_id], [value]) VALUES (453, '11', '11');
INSERT INTO Meter15m ([id], [meter_id], [value]) VALUES (454, '7', '15');
INSERT INTO Meter15m ([id], [meter_id], [value]) VALUES (455, '7', '4');
INSERT INTO Meter15m ([id], [meter_id], [value]) VALUES (456, '4', '6');
INSERT INTO Meter15m ([id], [meter_id], [value]) VALUES (457, '8', '7');
INSERT INTO Meter15m ([id], [meter_id], [value]) VALUES (458, '15', '19');
INSERT INTO Meter15m ([id], [meter_id], [value]) VALUES (459, '0', '5');
INSERT INTO Meter15m ([id], [meter_id], [value]) VALUES (460, '14', '13');
INSERT INTO Meter15m ([id], [meter_id], [value]) VALUES (461, '14', '13');
INSERT INTO Meter15m ([id], [meter_id], [value]) VALUES (462, '1', '9');
INSERT INTO Meter15m ([id], [meter_id], [value]) VALUES (463, '6', '1');
INSERT INTO Meter15m ([id], [meter_id], [value]) VALUES (464, '12', '0');
INSERT INTO Meter15m ([id], [meter_id], [value]) VALUES (465, '6', '18');
INSERT INTO Meter15m ([id], [meter_id], [value]) VALUES (466, '17', '5');
INSERT INTO Meter15m ([id], [meter_id], [value]) VALUES (467, '2', '9');
INSERT INTO Meter15m ([id], [meter_id], [value]) VALUES (468, '18', '13');
INSERT INTO Meter15m ([id], [meter_id], [value]) VALUES (469, '15', '16');
INSERT INTO Meter15m ([id], [meter_id], [value]) VALUES (470, '5', '10');
INSERT INTO Meter15m ([id], [meter_id], [value]) VALUES (471, '7', '18');
INSERT INTO Meter15m ([id], [meter_id], [value]) VALUES (472, '3', '10');
INSERT INTO Meter15m ([id], [meter_id], [value]) VALUES (473, '19', '3');
INSERT INTO Meter15m ([id], [meter_id], [value]) VALUES (474, '2', '17');
INSERT INTO Meter15m ([id], [meter_id], [value]) VALUES (475, '0', '17');
INSERT INTO Meter15m ([id], [meter_id], [value]) VALUES (476, '11', '7');
INSERT INTO Meter15m ([id], [meter_id], [value]) VALUES (477, '7', '3');
INSERT INTO Meter15m ([id], [meter_id], [value]) VALUES (478, '2', '16');
INSERT INTO Meter15m ([id], [meter_id], [value]) VALUES (479, '1', '10');
INSERT INTO Meter15m ([id], [meter_id], [value]) VALUES (480, '15', '4');
INSERT INTO Meter15m ([id], [meter_id], [value]) VALUES (481, '0', '13');
INSERT INTO Meter15m ([id], [meter_id], [value]) VALUES (482, '13', '7');
INSERT INTO Meter15m ([id], [meter_id], [value]) VALUES (483, '11', '5');
INSERT INTO Meter15m ([id], [meter_id], [value]) VALUES (484, '5', '12');
INSERT INTO Meter15m ([id], [meter_id], [value]) VALUES (485, '15', '2');
INSERT INTO Meter15m ([id], [meter_id], [value]) VALUES (486, '0', '14');
INSERT INTO Meter15m ([id], [meter_id], [value]) VALUES (487, '8', '11');
INSERT INTO Meter15m ([id], [meter_id], [value]) VALUES (488, '14', '7');
INSERT INTO Meter15m ([id], [meter_id], [value]) VALUES (489, '8', '16');
INSERT INTO Meter15m ([id], [meter_id], [value]) VALUES (490, '5', '13');
INSERT INTO Meter15m ([id], [meter_id], [value]) VALUES (491, '5', '1');
INSERT INTO Meter15m ([id], [meter_id], [value]) VALUES (492, '17', '10');
INSERT INTO Meter15m ([id], [meter_id], [value]) VALUES (493, '17', '6');
INSERT INTO Meter15m ([id], [meter_id], [value]) VALUES (494, '1', '16');
INSERT INTO Meter15m ([id], [meter_id], [value]) VALUES (495, '16', '6');
INSERT INTO Meter15m ([id], [meter_id], [value]) VALUES (496, '12', '1');
INSERT INTO Meter15m ([id], [meter_id], [value]) VALUES (497, '10', '19');
INSERT INTO Meter15m ([id], [meter_id], [value]) VALUES (498, '18', '6');
INSERT INTO Meter15m ([id], [meter_id], [value]) VALUES (499, '11', '5');
INSERT INTO Meter15m ([id], [meter_id], [value]) VALUES (500, '15', '19');
INSERT INTO Meter15m ([id], [meter_id], [value]) VALUES (501, '2', '7');
INSERT INTO Meter15m ([id], [meter_id], [value]) VALUES (502, '9', '11');
INSERT INTO Meter15m ([id], [meter_id], [value]) VALUES (503, '9', '8');
INSERT INTO Meter15m ([id], [meter_id], [value]) VALUES (504, '13', '11');
INSERT INTO Meter15m ([id], [meter_id], [value]) VALUES (505, '10', '17');
INSERT INTO Meter15m ([id], [meter_id], [value]) VALUES (506, '15', '6');
INSERT INTO Meter15m ([id], [meter_id], [value]) VALUES (507, '9', '0');
INSERT INTO Meter15m ([id], [meter_id], [value]) VALUES (508, '12', '4');
INSERT INTO Meter15m ([id], [meter_id], [value]) VALUES (509, '2', '13');
INSERT INTO Meter15m ([id], [meter_id], [value]) VALUES (510, '9', '14');
INSERT INTO Meter15m ([id], [meter_id], [value]) VALUES (511, '6', '13');
INSERT INTO Meter15m ([id], [meter_id], [value]) VALUES (512, '15', '17');
INSERT INTO Meter15m ([id], [meter_id], [value]) VALUES (513, '11', '19');
INSERT INTO Meter15m ([id], [meter_id], [value]) VALUES (514, '16', '11');
INSERT INTO Meter15m ([id], [meter_id], [value]) VALUES (515, '12', '1');
INSERT INTO Meter15m ([id], [meter_id], [value]) VALUES (516, '2', '7');
INSERT INTO Meter15m ([id], [meter_id], [value]) VALUES (517, '5', '7');
INSERT INTO Meter15m ([id], [meter_id], [value]) VALUES (518, '0', '6');
INSERT INTO Meter15m ([id], [meter_id], [value]) VALUES (519, '14', '17');
INSERT INTO Meter15m ([id], [meter_id], [value]) VALUES (520, '5', '18');
INSERT INTO Meter15m ([id], [meter_id], [value]) VALUES (521, '2', '12');
INSERT INTO Meter15m ([id], [meter_id], [value]) VALUES (522, '2', '5');
INSERT INTO Meter15m ([id], [meter_id], [value]) VALUES (523, '13', '12');
INSERT INTO Meter15m ([id], [meter_id], [value]) VALUES (524, '13', '16');
INSERT INTO Meter15m ([id], [meter_id], [value]) VALUES (525, '13', '12');
INSERT INTO Meter15m ([id], [meter_id], [value]) VALUES (526, '1', '10');
INSERT INTO Meter15m ([id], [meter_id], [value]) VALUES (527, '11', '15');
INSERT INTO Meter15m ([id], [meter_id], [value]) VALUES (528, '18', '0');
INSERT INTO Meter15m ([id], [meter_id], [value]) VALUES (529, '13', '14');
INSERT INTO Meter15m ([id], [meter_id], [value]) VALUES (530, '0', '4');
INSERT INTO Meter15m ([id], [meter_id], [value]) VALUES (531, '19', '12');
INSERT INTO Meter15m ([id], [meter_id], [value]) VALUES (532, '16', '16');
INSERT INTO Meter15m ([id], [meter_id], [value]) VALUES (533, '0', '8');
INSERT INTO Meter15m ([id], [meter_id], [value]) VALUES (534, '4', '12');
INSERT INTO Meter15m ([id], [meter_id], [value]) VALUES (535, '6', '15');
INSERT INTO Meter15m ([id], [meter_id], [value]) VALUES (536, '9', '0');
INSERT INTO Meter15m ([id], [meter_id], [value]) VALUES (537, '7', '13');
INSERT INTO Meter15m ([id], [meter_id], [value]) VALUES (538, '16', '3');
INSERT INTO Meter15m ([id], [meter_id], [value]) VALUES (539, '5', '7');
INSERT INTO Meter15m ([id], [meter_id], [value]) VALUES (540, '8', '8');
INSERT INTO Meter15m ([id], [meter_id], [value]) VALUES (541, '14', '14');
INSERT INTO Meter15m ([id], [meter_id], [value]) VALUES (542, '19', '1');
INSERT INTO Meter15m ([id], [meter_id], [value]) VALUES (543, '18', '11');
INSERT INTO Meter15m ([id], [meter_id], [value]) VALUES (544, '10', '2');
INSERT INTO Meter15m ([id], [meter_id], [value]) VALUES (545, '18', '7');
INSERT INTO Meter15m ([id], [meter_id], [value]) VALUES (546, '18', '16');
INSERT INTO Meter15m ([id], [meter_id], [value]) VALUES (547, '0', '7');
INSERT INTO Meter15m ([id], [meter_id], [value]) VALUES (548, '14', '5');
INSERT INTO Meter15m ([id], [meter_id], [value]) VALUES (549, '16', '1');
INSERT INTO Meter15m ([id], [meter_id], [value]) VALUES (550, '7', '14');
INSERT INTO Meter15m ([id], [meter_id], [value]) VALUES (551, '10', '3');
INSERT INTO Meter15m ([id], [meter_id], [value]) VALUES (552, '5', '10');
INSERT INTO Meter15m ([id], [meter_id], [value]) VALUES (553, '8', '16');
INSERT INTO Meter15m ([id], [meter_id], [value]) VALUES (554, '17', '5');
INSERT INTO Meter15m ([id], [meter_id], [value]) VALUES (555, '3', '0');
INSERT INTO Meter15m ([id], [meter_id], [value]) VALUES (556, '16', '0');
INSERT INTO Meter15m ([id], [meter_id], [value]) VALUES (557, '5', '7');
INSERT INTO Meter15m ([id], [meter_id], [value]) VALUES (558, '12', '12');
INSERT INTO Meter15m ([id], [meter_id], [value]) VALUES (559, '10', '0');
INSERT INTO Meter15m ([id], [meter_id], [value]) VALUES (560, '11', '11');
INSERT INTO Meter15m ([id], [meter_id], [value]) VALUES (561, '2', '8');
INSERT INTO Meter15m ([id], [meter_id], [value]) VALUES (562, '17', '14');
INSERT INTO Meter15m ([id], [meter_id], [value]) VALUES (563, '1', '18');
INSERT INTO Meter15m ([id], [meter_id], [value]) VALUES (564, '1', '12');
INSERT INTO Meter15m ([id], [meter_id], [value]) VALUES (565, '1', '18');
INSERT INTO Meter15m ([id], [meter_id], [value]) VALUES (566, '17', '11');
INSERT INTO Meter15m ([id], [meter_id], [value]) VALUES (567, '7', '1');
INSERT INTO Meter15m ([id], [meter_id], [value]) VALUES (568, '11', '5');
INSERT INTO Meter15m ([id], [meter_id], [value]) VALUES (569, '12', '10');
INSERT INTO Meter15m ([id], [meter_id], [value]) VALUES (570, '14', '16');
INSERT INTO Meter15m ([id], [meter_id], [value]) VALUES (571, '12', '6');
INSERT INTO Meter15m ([id], [meter_id], [value]) VALUES (572, '10', '17');
INSERT INTO Meter15m ([id], [meter_id], [value]) VALUES (573, '15', '7');
INSERT INTO Meter15m ([id], [meter_id], [value]) VALUES (574, '16', '2');
INSERT INTO Meter15m ([id], [meter_id], [value]) VALUES (575, '17', '18');
INSERT INTO Meter15m ([id], [meter_id], [value]) VALUES (576, '17', '6');
INSERT INTO Meter15m ([id], [meter_id], [value]) VALUES (577, '18', '19');
INSERT INTO Meter15m ([id], [meter_id], [value]) VALUES (578, '11', '16');
INSERT INTO Meter15m ([id], [meter_id], [value]) VALUES (579, '18', '6');
INSERT INTO Meter15m ([id], [meter_id], [value]) VALUES (580, '12', '17');
INSERT INTO Meter15m ([id], [meter_id], [value]) VALUES (581, '6', '1');
INSERT INTO Meter15m ([id], [meter_id], [value]) VALUES (582, '19', '10');
INSERT INTO Meter15m ([id], [meter_id], [value]) VALUES (583, '13', '16');
INSERT INTO Meter15m ([id], [meter_id], [value]) VALUES (584, '0', '9');
INSERT INTO Meter15m ([id], [meter_id], [value]) VALUES (585, '14', '15');
INSERT INTO Meter15m ([id], [meter_id], [value]) VALUES (586, '10', '12');
INSERT INTO Meter15m ([id], [meter_id], [value]) VALUES (587, '2', '16');
INSERT INTO Meter15m ([id], [meter_id], [value]) VALUES (588, '12', '5');
INSERT INTO Meter15m ([id], [meter_id], [value]) VALUES (589, '15', '6');
INSERT INTO Meter15m ([id], [meter_id], [value]) VALUES (590, '0', '16');
INSERT INTO Meter15m ([id], [meter_id], [value]) VALUES (591, '17', '18');
INSERT INTO Meter15m ([id], [meter_id], [value]) VALUES (592, '0', '6');
INSERT INTO Meter15m ([id], [meter_id], [value]) VALUES (593, '2', '6');
INSERT INTO Meter15m ([id], [meter_id], [value]) VALUES (594, '5', '12');
INSERT INTO Meter15m ([id], [meter_id], [value]) VALUES (595, '5', '8');
INSERT INTO Meter15m ([id], [meter_id], [value]) VALUES (596, '16', '16');
INSERT INTO Meter15m ([id], [meter_id], [value]) VALUES (597, '7', '10');
INSERT INTO Meter15m ([id], [meter_id], [value]) VALUES (598, '0', '13');
INSERT INTO Meter15m ([id], [meter_id], [value]) VALUES (599, '11', '9');
INSERT INTO Meter15m ([id], [meter_id], [value]) VALUES (600, '1', '3');
INSERT INTO Meter15m ([id], [meter_id], [value]) VALUES (601, '14', '15');
INSERT INTO Meter15m ([id], [meter_id], [value]) VALUES (602, '9', '4');
INSERT INTO Meter15m ([id], [meter_id], [value]) VALUES (603, '18', '2');
INSERT INTO Meter15m ([id], [meter_id], [value]) VALUES (604, '19', '18');
INSERT INTO Meter15m ([id], [meter_id], [value]) VALUES (605, '16', '18');
INSERT INTO Meter15m ([id], [meter_id], [value]) VALUES (606, '13', '19');
INSERT INTO Meter15m ([id], [meter_id], [value]) VALUES (607, '8', '3');
INSERT INTO Meter15m ([id], [meter_id], [value]) VALUES (608, '17', '0');
INSERT INTO Meter15m ([id], [meter_id], [value]) VALUES (609, '19', '16');
INSERT INTO Meter15m ([id], [meter_id], [value]) VALUES (610, '12', '14');
INSERT INTO Meter15m ([id], [meter_id], [value]) VALUES (611, '5', '3');
INSERT INTO Meter15m ([id], [meter_id], [value]) VALUES (612, '3', '9');
INSERT INTO Meter15m ([id], [meter_id], [value]) VALUES (613, '18', '9');
INSERT INTO Meter15m ([id], [meter_id], [value]) VALUES (614, '0', '14');
INSERT INTO Meter15m ([id], [meter_id], [value]) VALUES (615, '18', '18');
INSERT INTO Meter15m ([id], [meter_id], [value]) VALUES (616, '6', '16');
INSERT INTO Meter15m ([id], [meter_id], [value]) VALUES (617, '5', '2');
INSERT INTO Meter15m ([id], [meter_id], [value]) VALUES (618, '2', '18');
INSERT INTO Meter15m ([id], [meter_id], [value]) VALUES (619, '3', '12');
INSERT INTO Meter15m ([id], [meter_id], [value]) VALUES (620, '14', '1');
INSERT INTO Meter15m ([id], [meter_id], [value]) VALUES (621, '12', '16');
INSERT INTO Meter15m ([id], [meter_id], [value]) VALUES (622, '12', '15');
INSERT INTO Meter15m ([id], [meter_id], [value]) VALUES (623, '12', '1');
INSERT INTO Meter15m ([id], [meter_id], [value]) VALUES (624, '11', '6');
INSERT INTO Meter15m ([id], [meter_id], [value]) VALUES (625, '6', '14');
INSERT INTO Meter15m ([id], [meter_id], [value]) VALUES (626, '11', '18');
INSERT INTO Meter15m ([id], [meter_id], [value]) VALUES (627, '13', '2');
INSERT INTO Meter15m ([id], [meter_id], [value]) VALUES (628, '3', '15');
INSERT INTO Meter15m ([id], [meter_id], [value]) VALUES (629, '17', '6');
INSERT INTO Meter15m ([id], [meter_id], [value]) VALUES (630, '17', '17');
INSERT INTO Meter15m ([id], [meter_id], [value]) VALUES (631, '1', '5');
INSERT INTO Meter15m ([id], [meter_id], [value]) VALUES (632, '17', '4');
INSERT INTO Meter15m ([id], [meter_id], [value]) VALUES (633, '16', '12');
INSERT INTO Meter15m ([id], [meter_id], [value]) VALUES (634, '18', '1');
INSERT INTO Meter15m ([id], [meter_id], [value]) VALUES (635, '13', '7');
INSERT INTO Meter15m ([id], [meter_id], [value]) VALUES (636, '13', '19');
INSERT INTO Meter15m ([id], [meter_id], [value]) VALUES (637, '18', '5');
INSERT INTO Meter15m ([id], [meter_id], [value]) VALUES (638, '10', '17');
INSERT INTO Meter15m ([id], [meter_id], [value]) VALUES (639, '19', '5');
INSERT INTO Meter15m ([id], [meter_id], [value]) VALUES (640, '6', '16');
INSERT INTO Meter15m ([id], [meter_id], [value]) VALUES (641, '2', '0');
INSERT INTO Meter15m ([id], [meter_id], [value]) VALUES (642, '11', '11');
INSERT INTO Meter15m ([id], [meter_id], [value]) VALUES (643, '3', '9');
INSERT INTO Meter15m ([id], [meter_id], [value]) VALUES (644, '17', '16');
INSERT INTO Meter15m ([id], [meter_id], [value]) VALUES (645, '7', '10');
INSERT INTO Meter15m ([id], [meter_id], [value]) VALUES (646, '16', '19');
INSERT INTO Meter15m ([id], [meter_id], [value]) VALUES (647, '16', '11');
INSERT INTO Meter15m ([id], [meter_id], [value]) VALUES (648, '3', '9');
INSERT INTO Meter15m ([id], [meter_id], [value]) VALUES (649, '13', '3');
INSERT INTO Meter15m ([id], [meter_id], [value]) VALUES (650, '11', '10');
INSERT INTO Meter15m ([id], [meter_id], [value]) VALUES (651, '7', '13');
INSERT INTO Meter15m ([id], [meter_id], [value]) VALUES (652, '12', '2');
INSERT INTO Meter15m ([id], [meter_id], [value]) VALUES (653, '0', '15');
INSERT INTO Meter15m ([id], [meter_id], [value]) VALUES (654, '13', '14');
INSERT INTO Meter15m ([id], [meter_id], [value]) VALUES (655, '17', '7');
INSERT INTO Meter15m ([id], [meter_id], [value]) VALUES (656, '15', '8');
INSERT INTO Meter15m ([id], [meter_id], [value]) VALUES (657, '8', '1');
INSERT INTO Meter15m ([id], [meter_id], [value]) VALUES (658, '0', '6');
INSERT INTO Meter15m ([id], [meter_id], [value]) VALUES (659, '7', '18');
INSERT INTO Meter15m ([id], [meter_id], [value]) VALUES (660, '6', '19');
INSERT INTO Meter15m ([id], [meter_id], [value]) VALUES (661, '9', '1');
INSERT INTO Meter15m ([id], [meter_id], [value]) VALUES (662, '16', '16');
INSERT INTO Meter15m ([id], [meter_id], [value]) VALUES (663, '8', '17');
INSERT INTO Meter15m ([id], [meter_id], [value]) VALUES (664, '16', '15');
INSERT INTO Meter15m ([id], [meter_id], [value]) VALUES (665, '11', '19');
INSERT INTO Meter15m ([id], [meter_id], [value]) VALUES (666, '14', '10');
INSERT INTO Meter15m ([id], [meter_id], [value]) VALUES (667, '17', '6');
INSERT INTO Meter15m ([id], [meter_id], [value]) VALUES (668, '11', '16');
INSERT INTO Meter15m ([id], [meter_id], [value]) VALUES (669, '7', '4');
INSERT INTO Meter15m ([id], [meter_id], [value]) VALUES (670, '14', '8');
INSERT INTO Meter15m ([id], [meter_id], [value]) VALUES (671, '9', '9');
INSERT INTO Meter15m ([id], [meter_id], [value]) VALUES (672, '14', '9');
INSERT INTO Meter15m ([id], [meter_id], [value]) VALUES (673, '12', '17');
INSERT INTO Meter15m ([id], [meter_id], [value]) VALUES (674, '5', '10');
INSERT INTO Meter15m ([id], [meter_id], [value]) VALUES (675, '9', '2');
INSERT INTO Meter15m ([id], [meter_id], [value]) VALUES (676, '0', '19');
INSERT INTO Meter15m ([id], [meter_id], [value]) VALUES (677, '11', '13');
INSERT INTO Meter15m ([id], [meter_id], [value]) VALUES (678, '0', '4');
INSERT INTO Meter15m ([id], [meter_id], [value]) VALUES (679, '5', '1');
INSERT INTO Meter15m ([id], [meter_id], [value]) VALUES (680, '10', '2');
INSERT INTO Meter15m ([id], [meter_id], [value]) VALUES (681, '2', '8');
INSERT INTO Meter15m ([id], [meter_id], [value]) VALUES (682, '10', '10');
INSERT INTO Meter15m ([id], [meter_id], [value]) VALUES (683, '8', '1');
INSERT INTO Meter15m ([id], [meter_id], [value]) VALUES (684, '11', '0');
INSERT INTO Meter15m ([id], [meter_id], [value]) VALUES (685, '7', '1');
INSERT INTO Meter15m ([id], [meter_id], [value]) VALUES (686, '16', '3');
INSERT INTO Meter15m ([id], [meter_id], [value]) VALUES (687, '19', '14');
INSERT INTO Meter15m ([id], [meter_id], [value]) VALUES (688, '6', '9');
INSERT INTO Meter15m ([id], [meter_id], [value]) VALUES (689, '11', '15');
INSERT INTO Meter15m ([id], [meter_id], [value]) VALUES (690, '0', '10');
INSERT INTO Meter15m ([id], [meter_id], [value]) VALUES (691, '5', '3');
INSERT INTO Meter15m ([id], [meter_id], [value]) VALUES (692, '13', '19');
INSERT INTO Meter15m ([id], [meter_id], [value]) VALUES (693, '8', '13');
INSERT INTO Meter15m ([id], [meter_id], [value]) VALUES (694, '3', '7');
INSERT INTO Meter15m ([id], [meter_id], [value]) VALUES (695, '10', '18');
INSERT INTO Meter15m ([id], [meter_id], [value]) VALUES (696, '18', '3');
INSERT INTO Meter15m ([id], [meter_id], [value]) VALUES (697, '12', '17');
INSERT INTO Meter15m ([id], [meter_id], [value]) VALUES (698, '10', '11');
INSERT INTO Meter15m ([id], [meter_id], [value]) VALUES (699, '9', '12');
INSERT INTO Meter15m ([id], [meter_id], [value]) VALUES (700, '7', '10');
INSERT INTO Meter15m ([id], [meter_id], [value]) VALUES (701, '19', '2');
INSERT INTO Meter15m ([id], [meter_id], [value]) VALUES (702, '0', '0');
INSERT INTO Meter15m ([id], [meter_id], [value]) VALUES (703, '3', '0');
INSERT INTO Meter15m ([id], [meter_id], [value]) VALUES (704, '6', '17');
INSERT INTO Meter15m ([id], [meter_id], [value]) VALUES (705, '18', '0');
INSERT INTO Meter15m ([id], [meter_id], [value]) VALUES (706, '16', '13');
INSERT INTO Meter15m ([id], [meter_id], [value]) VALUES (707, '17', '4');
INSERT INTO Meter15m ([id], [meter_id], [value]) VALUES (708, '14', '5');
INSERT INTO Meter15m ([id], [meter_id], [value]) VALUES (709, '8', '13');
INSERT INTO Meter15m ([id], [meter_id], [value]) VALUES (710, '0', '5');
INSERT INTO Meter15m ([id], [meter_id], [value]) VALUES (711, '7', '16');
INSERT INTO Meter15m ([id], [meter_id], [value]) VALUES (712, '3', '8');
INSERT INTO Meter15m ([id], [meter_id], [value]) VALUES (713, '8', '3');
INSERT INTO Meter15m ([id], [meter_id], [value]) VALUES (714, '10', '2');
INSERT INTO Meter15m ([id], [meter_id], [value]) VALUES (715, '18', '9');
INSERT INTO Meter15m ([id], [meter_id], [value]) VALUES (716, '3', '14');
INSERT INTO Meter15m ([id], [meter_id], [value]) VALUES (717, '15', '17');
INSERT INTO Meter15m ([id], [meter_id], [value]) VALUES (718, '18', '6');
INSERT INTO Meter15m ([id], [meter_id], [value]) VALUES (719, '13', '3');
INSERT INTO Meter15m ([id], [meter_id], [value]) VALUES (720, '18', '14');
INSERT INTO Meter15m ([id], [meter_id], [value]) VALUES (721, '2', '11');
INSERT INTO Meter15m ([id], [meter_id], [value]) VALUES (722, '2', '4');
INSERT INTO Meter15m ([id], [meter_id], [value]) VALUES (723, '18', '8');
INSERT INTO Meter15m ([id], [meter_id], [value]) VALUES (724, '8', '10');
INSERT INTO Meter15m ([id], [meter_id], [value]) VALUES (725, '5', '6');
INSERT INTO Meter15m ([id], [meter_id], [value]) VALUES (726, '2', '4');
INSERT INTO Meter15m ([id], [meter_id], [value]) VALUES (727, '9', '11');
INSERT INTO Meter15m ([id], [meter_id], [value]) VALUES (728, '1', '19');
INSERT INTO Meter15m ([id], [meter_id], [value]) VALUES (729, '11', '2');
INSERT INTO Meter15m ([id], [meter_id], [value]) VALUES (730, '19', '16');
INSERT INTO Meter15m ([id], [meter_id], [value]) VALUES (731, '10', '19');
INSERT INTO Meter15m ([id], [meter_id], [value]) VALUES (732, '0', '5');
INSERT INTO Meter15m ([id], [meter_id], [value]) VALUES (733, '18', '16');
INSERT INTO Meter15m ([id], [meter_id], [value]) VALUES (734, '7', '14');
INSERT INTO Meter15m ([id], [meter_id], [value]) VALUES (735, '16', '16');
INSERT INTO Meter15m ([id], [meter_id], [value]) VALUES (736, '10', '9');
INSERT INTO Meter15m ([id], [meter_id], [value]) VALUES (737, '19', '15');
INSERT INTO Meter15m ([id], [meter_id], [value]) VALUES (738, '10', '14');
INSERT INTO Meter15m ([id], [meter_id], [value]) VALUES (739, '14', '2');
INSERT INTO Meter15m ([id], [meter_id], [value]) VALUES (740, '3', '1');
INSERT INTO Meter15m ([id], [meter_id], [value]) VALUES (741, '15', '10');
INSERT INTO Meter15m ([id], [meter_id], [value]) VALUES (742, '17', '14');
INSERT INTO Meter15m ([id], [meter_id], [value]) VALUES (743, '5', '2');
INSERT INTO Meter15m ([id], [meter_id], [value]) VALUES (744, '4', '13');
INSERT INTO Meter15m ([id], [meter_id], [value]) VALUES (745, '12', '18');
INSERT INTO Meter15m ([id], [meter_id], [value]) VALUES (746, '14', '11');
INSERT INTO Meter15m ([id], [meter_id], [value]) VALUES (747, '17', '0');
INSERT INTO Meter15m ([id], [meter_id], [value]) VALUES (748, '13', '9');
INSERT INTO Meter15m ([id], [meter_id], [value]) VALUES (749, '18', '9');
INSERT INTO Meter15m ([id], [meter_id], [value]) VALUES (750, '13', '17');
INSERT INTO Meter15m ([id], [meter_id], [value]) VALUES (751, '19', '17');
INSERT INTO Meter15m ([id], [meter_id], [value]) VALUES (752, '17', '14');
INSERT INTO Meter15m ([id], [meter_id], [value]) VALUES (753, '15', '5');
INSERT INTO Meter15m ([id], [meter_id], [value]) VALUES (754, '6', '0');
INSERT INTO Meter15m ([id], [meter_id], [value]) VALUES (755, '4', '16');
INSERT INTO Meter15m ([id], [meter_id], [value]) VALUES (756, '8', '0');
INSERT INTO Meter15m ([id], [meter_id], [value]) VALUES (757, '9', '11');
INSERT INTO Meter15m ([id], [meter_id], [value]) VALUES (758, '15', '17');
INSERT INTO Meter15m ([id], [meter_id], [value]) VALUES (759, '7', '1');
INSERT INTO Meter15m ([id], [meter_id], [value]) VALUES (760, '15', '18');
INSERT INTO Meter15m ([id], [meter_id], [value]) VALUES (761, '0', '11');
INSERT INTO Meter15m ([id], [meter_id], [value]) VALUES (762, '12', '10');
INSERT INTO Meter15m ([id], [meter_id], [value]) VALUES (763, '2', '18');
INSERT INTO Meter15m ([id], [meter_id], [value]) VALUES (764, '17', '4');
INSERT INTO Meter15m ([id], [meter_id], [value]) VALUES (765, '1', '9');
INSERT INTO Meter15m ([id], [meter_id], [value]) VALUES (766, '14', '18');
INSERT INTO Meter15m ([id], [meter_id], [value]) VALUES (767, '1', '1');
INSERT INTO Meter15m ([id], [meter_id], [value]) VALUES (768, '9', '0');
INSERT INTO Meter15m ([id], [meter_id], [value]) VALUES (769, '11', '10');
INSERT INTO Meter15m ([id], [meter_id], [value]) VALUES (770, '11', '16');
INSERT INTO Meter15m ([id], [meter_id], [value]) VALUES (771, '8', '13');
INSERT INTO Meter15m ([id], [meter_id], [value]) VALUES (772, '17', '1');
INSERT INTO Meter15m ([id], [meter_id], [value]) VALUES (773, '1', '15');
INSERT INTO Meter15m ([id], [meter_id], [value]) VALUES (774, '8', '10');
INSERT INTO Meter15m ([id], [meter_id], [value]) VALUES (775, '15', '4');
INSERT INTO Meter15m ([id], [meter_id], [value]) VALUES (776, '3', '16');
INSERT INTO Meter15m ([id], [meter_id], [value]) VALUES (777, '2', '15');
INSERT INTO Meter15m ([id], [meter_id], [value]) VALUES (778, '17', '15');
INSERT INTO Meter15m ([id], [meter_id], [value]) VALUES (779, '15', '16');
INSERT INTO Meter15m ([id], [meter_id], [value]) VALUES (780, '1', '4');
INSERT INTO Meter15m ([id], [meter_id], [value]) VALUES (781, '4', '11');
INSERT INTO Meter15m ([id], [meter_id], [value]) VALUES (782, '11', '3');
INSERT INTO Meter15m ([id], [meter_id], [value]) VALUES (783, '1', '12');
INSERT INTO Meter15m ([id], [meter_id], [value]) VALUES (784, '7', '7');
INSERT INTO Meter15m ([id], [meter_id], [value]) VALUES (785, '13', '7');
INSERT INTO Meter15m ([id], [meter_id], [value]) VALUES (786, '9', '8');
INSERT INTO Meter15m ([id], [meter_id], [value]) VALUES (787, '4', '14');
INSERT INTO Meter15m ([id], [meter_id], [value]) VALUES (788, '8', '5');
INSERT INTO Meter15m ([id], [meter_id], [value]) VALUES (789, '0', '1');
INSERT INTO Meter15m ([id], [meter_id], [value]) VALUES (790, '18', '16');
INSERT INTO Meter15m ([id], [meter_id], [value]) VALUES (791, '11', '2');
INSERT INTO Meter15m ([id], [meter_id], [value]) VALUES (792, '1', '0');
INSERT INTO Meter15m ([id], [meter_id], [value]) VALUES (793, '16', '6');
INSERT INTO Meter15m ([id], [meter_id], [value]) VALUES (794, '15', '14');
INSERT INTO Meter15m ([id], [meter_id], [value]) VALUES (795, '0', '15');
INSERT INTO Meter15m ([id], [meter_id], [value]) VALUES (796, '14', '11');
INSERT INTO Meter15m ([id], [meter_id], [value]) VALUES (797, '11', '16');
INSERT INTO Meter15m ([id], [meter_id], [value]) VALUES (798, '3', '4');
INSERT INTO Meter15m ([id], [meter_id], [value]) VALUES (799, '10', '0');
INSERT INTO Meter15m ([id], [meter_id], [value]) VALUES (800, '17', '14');
INSERT INTO Meter15m ([id], [meter_id], [value]) VALUES (801, '18', '4');
INSERT INTO Meter15m ([id], [meter_id], [value]) VALUES (802, '11', '1');
INSERT INTO Meter15m ([id], [meter_id], [value]) VALUES (803, '18', '19');
INSERT INTO Meter15m ([id], [meter_id], [value]) VALUES (804, '11', '0');
INSERT INTO Meter15m ([id], [meter_id], [value]) VALUES (805, '9', '19');
INSERT INTO Meter15m ([id], [meter_id], [value]) VALUES (806, '11', '19');
INSERT INTO Meter15m ([id], [meter_id], [value]) VALUES (807, '6', '2');
INSERT INTO Meter15m ([id], [meter_id], [value]) VALUES (808, '2', '19');
INSERT INTO Meter15m ([id], [meter_id], [value]) VALUES (809, '6', '9');
INSERT INTO Meter15m ([id], [meter_id], [value]) VALUES (810, '1', '3');
INSERT INTO Meter15m ([id], [meter_id], [value]) VALUES (811, '19', '11');
INSERT INTO Meter15m ([id], [meter_id], [value]) VALUES (812, '11', '6');
INSERT INTO Meter15m ([id], [meter_id], [value]) VALUES (813, '18', '2');
INSERT INTO Meter15m ([id], [meter_id], [value]) VALUES (814, '4', '11');
INSERT INTO Meter15m ([id], [meter_id], [value]) VALUES (815, '16', '6');
INSERT INTO Meter15m ([id], [meter_id], [value]) VALUES (816, '18', '8');
INSERT INTO Meter15m ([id], [meter_id], [value]) VALUES (817, '7', '15');
INSERT INTO Meter15m ([id], [meter_id], [value]) VALUES (818, '14', '17');
INSERT INTO Meter15m ([id], [meter_id], [value]) VALUES (819, '19', '6');
INSERT INTO Meter15m ([id], [meter_id], [value]) VALUES (820, '6', '10');
INSERT INTO Meter15m ([id], [meter_id], [value]) VALUES (821, '2', '9');
INSERT INTO Meter15m ([id], [meter_id], [value]) VALUES (822, '9', '0');
INSERT INTO Meter15m ([id], [meter_id], [value]) VALUES (823, '17', '5');
INSERT INTO Meter15m ([id], [meter_id], [value]) VALUES (824, '18', '15');
INSERT INTO Meter15m ([id], [meter_id], [value]) VALUES (825, '1', '0');
INSERT INTO Meter15m ([id], [meter_id], [value]) VALUES (826, '11', '17');
INSERT INTO Meter15m ([id], [meter_id], [value]) VALUES (827, '16', '12');
INSERT INTO Meter15m ([id], [meter_id], [value]) VALUES (828, '18', '11');
INSERT INTO Meter15m ([id], [meter_id], [value]) VALUES (829, '13', '14');
INSERT INTO Meter15m ([id], [meter_id], [value]) VALUES (830, '14', '14');
INSERT INTO Meter15m ([id], [meter_id], [value]) VALUES (831, '14', '7');
INSERT INTO Meter15m ([id], [meter_id], [value]) VALUES (832, '0', '1');
INSERT INTO Meter15m ([id], [meter_id], [value]) VALUES (833, '2', '10');
INSERT INTO Meter15m ([id], [meter_id], [value]) VALUES (834, '16', '10');
INSERT INTO Meter15m ([id], [meter_id], [value]) VALUES (835, '8', '5');
INSERT INTO Meter15m ([id], [meter_id], [value]) VALUES (836, '0', '0');
INSERT INTO Meter15m ([id], [meter_id], [value]) VALUES (837, '2', '1');
INSERT INTO Meter15m ([id], [meter_id], [value]) VALUES (838, '5', '1');
INSERT INTO Meter15m ([id], [meter_id], [value]) VALUES (839, '16', '0');
INSERT INTO Meter15m ([id], [meter_id], [value]) VALUES (840, '9', '19');
INSERT INTO Meter15m ([id], [meter_id], [value]) VALUES (841, '12', '3');
INSERT INTO Meter15m ([id], [meter_id], [value]) VALUES (842, '19', '6');
INSERT INTO Meter15m ([id], [meter_id], [value]) VALUES (843, '6', '19');
INSERT INTO Meter15m ([id], [meter_id], [value]) VALUES (844, '18', '2');
INSERT INTO Meter15m ([id], [meter_id], [value]) VALUES (845, '11', '16');
INSERT INTO Meter15m ([id], [meter_id], [value]) VALUES (846, '12', '5');
INSERT INTO Meter15m ([id], [meter_id], [value]) VALUES (847, '7', '4');
INSERT INTO Meter15m ([id], [meter_id], [value]) VALUES (848, '14', '4');
INSERT INTO Meter15m ([id], [meter_id], [value]) VALUES (849, '15', '16');
INSERT INTO Meter15m ([id], [meter_id], [value]) VALUES (850, '16', '7');
INSERT INTO Meter15m ([id], [meter_id], [value]) VALUES (851, '18', '19');
INSERT INTO Meter15m ([id], [meter_id], [value]) VALUES (852, '6', '1');
INSERT INTO Meter15m ([id], [meter_id], [value]) VALUES (853, '0', '3');
INSERT INTO Meter15m ([id], [meter_id], [value]) VALUES (854, '7', '6');
INSERT INTO Meter15m ([id], [meter_id], [value]) VALUES (855, '5', '10');
INSERT INTO Meter15m ([id], [meter_id], [value]) VALUES (856, '18', '16');
INSERT INTO Meter15m ([id], [meter_id], [value]) VALUES (857, '8', '5');
INSERT INTO Meter15m ([id], [meter_id], [value]) VALUES (858, '13', '4');
INSERT INTO Meter15m ([id], [meter_id], [value]) VALUES (859, '4', '10');
INSERT INTO Meter15m ([id], [meter_id], [value]) VALUES (860, '7', '6');
INSERT INTO Meter15m ([id], [meter_id], [value]) VALUES (861, '3', '3');
INSERT INTO Meter15m ([id], [meter_id], [value]) VALUES (862, '18', '19');
INSERT INTO Meter15m ([id], [meter_id], [value]) VALUES (863, '6', '11');
INSERT INTO Meter15m ([id], [meter_id], [value]) VALUES (864, '12', '18');
INSERT INTO Meter15m ([id], [meter_id], [value]) VALUES (865, '11', '2');
INSERT INTO Meter15m ([id], [meter_id], [value]) VALUES (866, '15', '16');
INSERT INTO Meter15m ([id], [meter_id], [value]) VALUES (867, '7', '13');
INSERT INTO Meter15m ([id], [meter_id], [value]) VALUES (868, '15', '16');
INSERT INTO Meter15m ([id], [meter_id], [value]) VALUES (869, '4', '3');
INSERT INTO Meter15m ([id], [meter_id], [value]) VALUES (870, '16', '1');
INSERT INTO Meter15m ([id], [meter_id], [value]) VALUES (871, '10', '16');
INSERT INTO Meter15m ([id], [meter_id], [value]) VALUES (872, '7', '10');
INSERT INTO Meter15m ([id], [meter_id], [value]) VALUES (873, '14', '3');
INSERT INTO Meter15m ([id], [meter_id], [value]) VALUES (874, '4', '0');
INSERT INTO Meter15m ([id], [meter_id], [value]) VALUES (875, '7', '9');
INSERT INTO Meter15m ([id], [meter_id], [value]) VALUES (876, '16', '16');
INSERT INTO Meter15m ([id], [meter_id], [value]) VALUES (877, '11', '5');
INSERT INTO Meter15m ([id], [meter_id], [value]) VALUES (878, '5', '2');
INSERT INTO Meter15m ([id], [meter_id], [value]) VALUES (879, '12', '2');
INSERT INTO Meter15m ([id], [meter_id], [value]) VALUES (880, '19', '5');
INSERT INTO Meter15m ([id], [meter_id], [value]) VALUES (881, '7', '12');
INSERT INTO Meter15m ([id], [meter_id], [value]) VALUES (882, '15', '9');
INSERT INTO Meter15m ([id], [meter_id], [value]) VALUES (883, '1', '19');
INSERT INTO Meter15m ([id], [meter_id], [value]) VALUES (884, '7', '11');
INSERT INTO Meter15m ([id], [meter_id], [value]) VALUES (885, '11', '12');
INSERT INTO Meter15m ([id], [meter_id], [value]) VALUES (886, '17', '2');
INSERT INTO Meter15m ([id], [meter_id], [value]) VALUES (887, '8', '4');
INSERT INTO Meter15m ([id], [meter_id], [value]) VALUES (888, '6', '10');
INSERT INTO Meter15m ([id], [meter_id], [value]) VALUES (889, '17', '12');
INSERT INTO Meter15m ([id], [meter_id], [value]) VALUES (890, '11', '16');
INSERT INTO Meter15m ([id], [meter_id], [value]) VALUES (891, '11', '2');
INSERT INTO Meter15m ([id], [meter_id], [value]) VALUES (892, '12', '17');
INSERT INTO Meter15m ([id], [meter_id], [value]) VALUES (893, '9', '7');
INSERT INTO Meter15m ([id], [meter_id], [value]) VALUES (894, '1', '19');
INSERT INTO Meter15m ([id], [meter_id], [value]) VALUES (895, '7', '1');
INSERT INTO Meter15m ([id], [meter_id], [value]) VALUES (896, '9', '13');
INSERT INTO Meter15m ([id], [meter_id], [value]) VALUES (897, '19', '19');
INSERT INTO Meter15m ([id], [meter_id], [value]) VALUES (898, '13', '15');
INSERT INTO Meter15m ([id], [meter_id], [value]) VALUES (899, '14', '2');
INSERT INTO Meter15m ([id], [meter_id], [value]) VALUES (900, '17', '9');
INSERT INTO Meter15m ([id], [meter_id], [value]) VALUES (901, '9', '2');
INSERT INTO Meter15m ([id], [meter_id], [value]) VALUES (902, '7', '13');
INSERT INTO Meter15m ([id], [meter_id], [value]) VALUES (903, '16', '17');
INSERT INTO Meter15m ([id], [meter_id], [value]) VALUES (904, '16', '11');
INSERT INTO Meter15m ([id], [meter_id], [value]) VALUES (905, '6', '18');
INSERT INTO Meter15m ([id], [meter_id], [value]) VALUES (906, '9', '8');
INSERT INTO Meter15m ([id], [meter_id], [value]) VALUES (907, '0', '8');
INSERT INTO Meter15m ([id], [meter_id], [value]) VALUES (908, '1', '14');
INSERT INTO Meter15m ([id], [meter_id], [value]) VALUES (909, '3', '12');
INSERT INTO Meter15m ([id], [meter_id], [value]) VALUES (910, '18', '0');
INSERT INTO Meter15m ([id], [meter_id], [value]) VALUES (911, '4', '2');
INSERT INTO Meter15m ([id], [meter_id], [value]) VALUES (912, '14', '2');
INSERT INTO Meter15m ([id], [meter_id], [value]) VALUES (913, '10', '2');
INSERT INTO Meter15m ([id], [meter_id], [value]) VALUES (914, '1', '16');
INSERT INTO Meter15m ([id], [meter_id], [value]) VALUES (915, '9', '15');
INSERT INTO Meter15m ([id], [meter_id], [value]) VALUES (916, '12', '2');
INSERT INTO Meter15m ([id], [meter_id], [value]) VALUES (917, '7', '17');
INSERT INTO Meter15m ([id], [meter_id], [value]) VALUES (918, '19', '13');
INSERT INTO Meter15m ([id], [meter_id], [value]) VALUES (919, '8', '17');
INSERT INTO Meter15m ([id], [meter_id], [value]) VALUES (920, '17', '8');
INSERT INTO Meter15m ([id], [meter_id], [value]) VALUES (921, '17', '18');
INSERT INTO Meter15m ([id], [meter_id], [value]) VALUES (922, '17', '9');
INSERT INTO Meter15m ([id], [meter_id], [value]) VALUES (923, '4', '13');
INSERT INTO Meter15m ([id], [meter_id], [value]) VALUES (924, '19', '5');
INSERT INTO Meter15m ([id], [meter_id], [value]) VALUES (925, '12', '18');
INSERT INTO Meter15m ([id], [meter_id], [value]) VALUES (926, '4', '7');
INSERT INTO Meter15m ([id], [meter_id], [value]) VALUES (927, '6', '8');
INSERT INTO Meter15m ([id], [meter_id], [value]) VALUES (928, '0', '14');
INSERT INTO Meter15m ([id], [meter_id], [value]) VALUES (929, '7', '15');
INSERT INTO Meter15m ([id], [meter_id], [value]) VALUES (930, '10', '19');
INSERT INTO Meter15m ([id], [meter_id], [value]) VALUES (931, '17', '18');
INSERT INTO Meter15m ([id], [meter_id], [value]) VALUES (932, '4', '6');
INSERT INTO Meter15m ([id], [meter_id], [value]) VALUES (933, '11', '3');
INSERT INTO Meter15m ([id], [meter_id], [value]) VALUES (934, '2', '19');
INSERT INTO Meter15m ([id], [meter_id], [value]) VALUES (935, '19', '11');
INSERT INTO Meter15m ([id], [meter_id], [value]) VALUES (936, '15', '5');
INSERT INTO Meter15m ([id], [meter_id], [value]) VALUES (937, '3', '8');
INSERT INTO Meter15m ([id], [meter_id], [value]) VALUES (938, '12', '2');
INSERT INTO Meter15m ([id], [meter_id], [value]) VALUES (939, '3', '14');
INSERT INTO Meter15m ([id], [meter_id], [value]) VALUES (940, '13', '7');
INSERT INTO Meter15m ([id], [meter_id], [value]) VALUES (941, '1', '3');
INSERT INTO Meter15m ([id], [meter_id], [value]) VALUES (942, '0', '19');
INSERT INTO Meter15m ([id], [meter_id], [value]) VALUES (943, '4', '17');
INSERT INTO Meter15m ([id], [meter_id], [value]) VALUES (944, '11', '4');
INSERT INTO Meter15m ([id], [meter_id], [value]) VALUES (945, '4', '9');
INSERT INTO Meter15m ([id], [meter_id], [value]) VALUES (946, '11', '18');
INSERT INTO Meter15m ([id], [meter_id], [value]) VALUES (947, '17', '3');
INSERT INTO Meter15m ([id], [meter_id], [value]) VALUES (948, '16', '3');
INSERT INTO Meter15m ([id], [meter_id], [value]) VALUES (949, '5', '10');
INSERT INTO Meter15m ([id], [meter_id], [value]) VALUES (950, '17', '16');
INSERT INTO Meter15m ([id], [meter_id], [value]) VALUES (951, '17', '7');
INSERT INTO Meter15m ([id], [meter_id], [value]) VALUES (952, '17', '3');
INSERT INTO Meter15m ([id], [meter_id], [value]) VALUES (953, '8', '8');
INSERT INTO Meter15m ([id], [meter_id], [value]) VALUES (954, '2', '1');
INSERT INTO Meter15m ([id], [meter_id], [value]) VALUES (955, '17', '19');
INSERT INTO Meter15m ([id], [meter_id], [value]) VALUES (956, '5', '13');
INSERT INTO Meter15m ([id], [meter_id], [value]) VALUES (957, '7', '10');
INSERT INTO Meter15m ([id], [meter_id], [value]) VALUES (958, '17', '14');
INSERT INTO Meter15m ([id], [meter_id], [value]) VALUES (959, '5', '7');
INSERT INTO Meter15m ([id], [meter_id], [value]) VALUES (960, '15', '6');
INSERT INTO Meter15m ([id], [meter_id], [value]) VALUES (961, '7', '19');
INSERT INTO Meter15m ([id], [meter_id], [value]) VALUES (962, '19', '2');
INSERT INTO Meter15m ([id], [meter_id], [value]) VALUES (963, '10', '1');
INSERT INTO Meter15m ([id], [meter_id], [value]) VALUES (964, '16', '3');
INSERT INTO Meter15m ([id], [meter_id], [value]) VALUES (965, '0', '6');
INSERT INTO Meter15m ([id], [meter_id], [value]) VALUES (966, '2', '13');
INSERT INTO Meter15m ([id], [meter_id], [value]) VALUES (967, '9', '5');
INSERT INTO Meter15m ([id], [meter_id], [value]) VALUES (968, '10', '2');
INSERT INTO Meter15m ([id], [meter_id], [value]) VALUES (969, '17', '4');
INSERT INTO Meter15m ([id], [meter_id], [value]) VALUES (970, '0', '7');
INSERT INTO Meter15m ([id], [meter_id], [value]) VALUES (971, '13', '15');
INSERT INTO Meter15m ([id], [meter_id], [value]) VALUES (972, '12', '14');
INSERT INTO Meter15m ([id], [meter_id], [value]) VALUES (973, '19', '2');
INSERT INTO Meter15m ([id], [meter_id], [value]) VALUES (974, '15', '9');
INSERT INTO Meter15m ([id], [meter_id], [value]) VALUES (975, '0', '3');
INSERT INTO Meter15m ([id], [meter_id], [value]) VALUES (976, '9', '6');
INSERT INTO Meter15m ([id], [meter_id], [value]) VALUES (977, '11', '11');
INSERT INTO Meter15m ([id], [meter_id], [value]) VALUES (978, '7', '8');
INSERT INTO Meter15m ([id], [meter_id], [value]) VALUES (979, '16', '13');
INSERT INTO Meter15m ([id], [meter_id], [value]) VALUES (980, '9', '18');
INSERT INTO Meter15m ([id], [meter_id], [value]) VALUES (981, '16', '5');
INSERT INTO Meter15m ([id], [meter_id], [value]) VALUES (982, '10', '7');
INSERT INTO Meter15m ([id], [meter_id], [value]) VALUES (983, '2', '9');
INSERT INTO Meter15m ([id], [meter_id], [value]) VALUES (984, '17', '11');
INSERT INTO Meter15m ([id], [meter_id], [value]) VALUES (985, '3', '2');
INSERT INTO Meter15m ([id], [meter_id], [value]) VALUES (986, '0', '2');
INSERT INTO Meter15m ([id], [meter_id], [value]) VALUES (987, '14', '10');
INSERT INTO Meter15m ([id], [meter_id], [value]) VALUES (988, '10', '15');
INSERT INTO Meter15m ([id], [meter_id], [value]) VALUES (989, '17', '16');
INSERT INTO Meter15m ([id], [meter_id], [value]) VALUES (990, '17', '5');
INSERT INTO Meter15m ([id], [meter_id], [value]) VALUES (991, '4', '18');
INSERT INTO Meter15m ([id], [meter_id], [value]) VALUES (992, '4', '8');
INSERT INTO Meter15m ([id], [meter_id], [value]) VALUES (993, '12', '4');
INSERT INTO Meter15m ([id], [meter_id], [value]) VALUES (994, '19', '4');
INSERT INTO Meter15m ([id], [meter_id], [value]) VALUES (995, '11', '9');
INSERT INTO Meter15m ([id], [meter_id], [value]) VALUES (996, '0', '13');
INSERT INTO Meter15m ([id], [meter_id], [value]) VALUES (997, '16', '6');
INSERT INTO Meter15m ([id], [meter_id], [value]) VALUES (998, '7', '14');
INSERT INTO Meter15m ([id], [meter_id], [value]) VALUES (999, '19', '10');
INSERT INTO Meter15m ([id], [meter_id], [value]) VALUES (1000, '7', '11');
SET IDENTITY_INSERT [dbo].[Meter15m] OFF

INSERT INTO Company([id],[name],[address],[email]) VALUES(1,'Placerat Orci PC','265-1196 Aliquam Ave','tincidunt.Donec.vitae@porttitortellusnon.com');
INSERT INTO Company([id],[name],[address],[email]) VALUES(2,'Cras Lorem Lorem Associates','Ap #395-3368 Cursus, Ave','luctus.et@magnisdisparturient.co.uk');
INSERT INTO Company([id],[name],[address],[email]) VALUES(3,'Leo Vivamus Nibh Industries','268-8900 Luctus Road','tincidunt.Donec@temporarcuVestibulum.co.uk');
INSERT INTO Company([id],[name],[address],[email]) VALUES(4,'Dignissim Ltd','733-5422 Sodales St.','sem.magna@ornareplaceratorci.co.uk');
INSERT INTO Company([id],[name],[address],[email]) VALUES(5,'Eu Associates','P.O. Box 880, 8644 Scelerisque Rd.','adipiscing.ligula@ipsumleo.com');
INSERT INTO Company([id],[name],[address],[email]) VALUES(6,'Eros Limited','102-6515 Vitae Road','Proin@dolorQuisque.edu');
INSERT INTO Company([id],[name],[address],[email]) VALUES(7,'In Sodales Incorporated','P.O. Box 373, 413 Ac Av.','velit@Nam.org');
INSERT INTO Company([id],[name],[address],[email]) VALUES(8,'Feugiat Foundation','7826 Dictum Rd.','sapien@ipsumdolor.org');
INSERT INTO Company([id],[name],[address],[email]) VALUES(9,'Egestas Fusce Aliquet Ltd','Ap #334-7493 Et Avenue','quis.arcu@Aenean.co.uk');
INSERT INTO Company([id],[name],[address],[email]) VALUES(10,'Diam Pellentesque Company','Ap #901-5777 Aliquam Rd.','erat@cursusluctus.com');
INSERT INTO Company([id],[name],[address],[email]) VALUES(11,'Fermentum Metus Aenean LLC','Ap #765-4739 Vel Rd.','ut.ipsum@atvelitPellentesque.ca');
INSERT INTO Company([id],[name],[address],[email]) VALUES(12,'Suspendisse Ac Institute','Ap #927-4986 Aliquam Rd.','Proin.sed@magna.co.uk');
INSERT INTO Company([id],[name],[address],[email]) VALUES(13,'Quis Lectus Nullam Inc.','P.O. Box 986, 9394 Vulputate, St.','interdum@malesuadavelvenenatis.net');
INSERT INTO Company([id],[name],[address],[email]) VALUES(14,'Aliquam Institute','Ap #949-1716 Odio. Av.','et@nisi.net');
INSERT INTO Company([id],[name],[address],[email]) VALUES(15,'Sit Ltd','P.O. Box 365, 6771 Vel St.','semper.erat@venenatisvel.edu');
INSERT INTO Company([id],[name],[address],[email]) VALUES(16,'Vehicula Institute','Ap #599-751 In Av.','In.mi.pede@egestas.org');
INSERT INTO Company([id],[name],[address],[email]) VALUES(17,'Justo Company','Ap #570-812 Posuere Street','nec.ligula@commodotincidunt.ca');
INSERT INTO Company([id],[name],[address],[email]) VALUES(18,'Sociis Natoque Company','Ap #908-6111 Parturient Avenue','Morbi@consequat.co.uk');
INSERT INTO Company([id],[name],[address],[email]) VALUES(19,'Tempus Consulting','307-4641 Elementum, Av.','fames.ac@neceleifend.net');
INSERT INTO Company([id],[name],[address],[email]) VALUES(20,'Curabitur Egestas Nunc Limited','808-1738 Erat Rd.','elit@tristiquealiquet.edu');
INSERT INTO Company([id],[name],[address],[email]) VALUES(21,'Diam Pellentesque Habitant Incorporated','Ap #976-1825 Nisl. Rd.','vulputate@tinciduntnibh.edu');
INSERT INTO Company([id],[name],[address],[email]) VALUES(22,'Habitant Morbi Tristique Incorporated','Ap #264-6869 Egestas. Avenue','tincidunt@metusfacilisislorem.net');
INSERT INTO Company([id],[name],[address],[email]) VALUES(23,'Nunc Ltd','8894 At St.','mauris@lectuspedeet.co.uk');
INSERT INTO Company([id],[name],[address],[email]) VALUES(24,'Ut PC','782-671 Felis. St.','Cras@liberolacusvarius.ca');
INSERT INTO Company([id],[name],[address],[email]) VALUES(25,'Dapibus Ligula Company','P.O. Box 348, 9545 Fringilla. St.','consectetuer@CrasinterdumNunc.co.uk');
INSERT INTO Company([id],[name],[address],[email]) VALUES(26,'Nonummy Ac Feugiat Ltd','661-5378 Libero Ave','ornare.tortor.at@Nullam.org');
INSERT INTO Company([id],[name],[address],[email]) VALUES(27,'Ac Arcu Ltd','8206 Imperdiet Street','erat@telluslorem.net');
INSERT INTO Company([id],[name],[address],[email]) VALUES(28,'Dolor Sit Amet Corp.','Ap #281-9247 Integer Road','ut@dolorFuscefeugiat.co.uk');
INSERT INTO Company([id],[name],[address],[email]) VALUES(29,'Libero Proin LLP','6328 Eu, Street','malesuada.vel.venenatis@montesnasceturridiculus.com');
INSERT INTO Company([id],[name],[address],[email]) VALUES(30,'Non Quam Industries','772-2568 Duis Rd.','Suspendisse@Pellentesque.com');
INSERT INTO Company([id],[name],[address],[email]) VALUES(31,'Sodales Nisi LLP','P.O. Box 522, 6070 Ante. St.','semper.tellus@CuraeDonectincidunt.com');
INSERT INTO Company([id],[name],[address],[email]) VALUES(32,'Nulla Facilisis Suspendisse Foundation','240-4173 Lobortis. Rd.','amet.ultricies.sem@porttitorvulputateposuere.co.uk');
INSERT INTO Company([id],[name],[address],[email]) VALUES(33,'Aliquet Libero Industries','548 Suscipit, Av.','lorem.lorem@iaculisquispede.net');
INSERT INTO Company([id],[name],[address],[email]) VALUES(34,'Nulla Eget Foundation','Ap #221-7654 Facilisi. Street','Quisque.varius.Nam@mollisduiin.edu');
INSERT INTO Company([id],[name],[address],[email]) VALUES(35,'Dictum Consulting','105-6076 Vitae Street','elit@dignissimtempor.edu');
INSERT INTO Company([id],[name],[address],[email]) VALUES(36,'Iaculis Lacus Industries','3469 Dictum Av.','conubia.nostra@placeratorci.com');
INSERT INTO Company([id],[name],[address],[email]) VALUES(37,'Maecenas Iaculis Inc.','Ap #776-825 Vivamus Road','elit.erat.vitae@erosNam.com');
INSERT INTO Company([id],[name],[address],[email]) VALUES(38,'Aliquet Sem Ut Institute','P.O. Box 105, 8142 At, Avenue','magnis.dis@Mauris.net');
INSERT INTO Company([id],[name],[address],[email]) VALUES(39,'Libero Industries','579-1952 Nisl. Rd.','neque.Morbi@nonluctussit.edu');
INSERT INTO Company([id],[name],[address],[email]) VALUES(40,'Lectus Associates','277-8613 Faucibus Av.','erat@eu.com');
INSERT INTO Company([id],[name],[address],[email]) VALUES(41,'Amet Lorem Semper Foundation','3163 Mauris, Rd.','Etiam.bibendum.fermentum@Maurismagna.co.uk');
INSERT INTO Company([id],[name],[address],[email]) VALUES(42,'Pede Cras Corp.','P.O. Box 606, 5326 Maecenas Rd.','adipiscing@tincidunt.edu');
INSERT INTO Company([id],[name],[address],[email]) VALUES(43,'Imperdiet Nec Limited','Ap #226-8618 Erat St.','Phasellus.in@quis.edu');
INSERT INTO Company([id],[name],[address],[email]) VALUES(44,'Ipsum Curabitur Corporation','873-7335 In Street','sem.eget.massa@velitPellentesqueultricies.co.uk');
INSERT INTO Company([id],[name],[address],[email]) VALUES(45,'Euismod Et Commodo LLC','Ap #299-2762 Malesuada St.','tellus@ipsum.net');
INSERT INTO Company([id],[name],[address],[email]) VALUES(46,'Magna Lorem Ipsum Industries','P.O. Box 729, 754 Pede. Av.','ornare.tortor.at@eget.org');
INSERT INTO Company([id],[name],[address],[email]) VALUES(47,'Et Eros Proin LLP','Ap #172-1409 Ut Rd.','cursus.non.egestas@purus.co.uk');
INSERT INTO Company([id],[name],[address],[email]) VALUES(48,'In Scelerisque Company','6607 Congue Av.','In.nec.orci@neceleifendnon.ca');
INSERT INTO Company([id],[name],[address],[email]) VALUES(49,'Etiam Vestibulum Inc.','P.O. Box 236, 6186 Quisque St.','nisl.sem.consequat@ametfaucibusut.edu');
INSERT INTO Company([id],[name],[address],[email]) VALUES(50,'Facilisis Suspendisse Commodo PC','4677 Tellus. St.','montes@Aenean.org');
INSERT INTO Company([id],[name],[address],[email]) VALUES(51,'Morbi Neque Corporation','5894 Eget, Rd.','ut.eros@molestie.edu');
INSERT INTO Company([id],[name],[address],[email]) VALUES(52,'Arcu Sed Et Inc.','Ap #379-2800 Nec Rd.','Integer.vitae@velitjusto.co.uk');
INSERT INTO Company([id],[name],[address],[email]) VALUES(53,'Urna Foundation','844-1528 Nisi St.','In.nec.orci@mattissemper.net');
INSERT INTO Company([id],[name],[address],[email]) VALUES(54,'Phasellus Libero Mauris Company','P.O. Box 457, 9681 Risus. St.','mauris@molestietortor.ca');
INSERT INTO Company([id],[name],[address],[email]) VALUES(55,'Proin Ultrices Industries','467-5549 Vehicula Street','Nunc.quis.arcu@purusDuis.edu');
INSERT INTO Company([id],[name],[address],[email]) VALUES(56,'Per LLC','6934 Vel Street','magna@AeneanmassaInteger.org');
INSERT INTO Company([id],[name],[address],[email]) VALUES(57,'Consequat Incorporated','Ap #107-2966 Donec Ave','ipsum@sagittislobortismauris.org');
INSERT INTO Company([id],[name],[address],[email]) VALUES(58,'Nec Ltd','P.O. Box 960, 8578 Fermentum Avenue','faucibus.leo.in@etnuncQuisque.org');
INSERT INTO Company([id],[name],[address],[email]) VALUES(59,'Enim Condimentum LLC','6126 Metus. St.','tincidunt@Duisacarcu.org');
INSERT INTO Company([id],[name],[address],[email]) VALUES(60,'Amet Faucibus Ut Corp.','P.O. Box 686, 9840 Orci Avenue','vel@cubiliaCurae.com');
INSERT INTO Company([id],[name],[address],[email]) VALUES(61,'Dolor Fusce Associates','Ap #172-754 Augue. Rd.','nulla.Cras@aliquet.ca');
INSERT INTO Company([id],[name],[address],[email]) VALUES(62,'Ut Quam Vel Limited','6323 Pellentesque St.','a.nunc@semper.org');
INSERT INTO Company([id],[name],[address],[email]) VALUES(63,'Lectus Convallis Limited','P.O. Box 232, 1669 Porttitor Road','Quisque.tincidunt.pede@nonummyFusce.co.uk');
INSERT INTO Company([id],[name],[address],[email]) VALUES(64,'Ornare In Faucibus Foundation','2340 Mollis. Rd.','magna.et.ipsum@eu.net');
INSERT INTO Company([id],[name],[address],[email]) VALUES(65,'Aliquam Erat Corporation','P.O. Box 931, 7482 Ullamcorper Avenue','felis.purus.ac@posuere.co.uk');
INSERT INTO Company([id],[name],[address],[email]) VALUES(66,'Curabitur Incorporated','Ap #967-1435 Etiam Road','dui@id.edu');
INSERT INTO Company([id],[name],[address],[email]) VALUES(67,'Nulla Vulputate Foundation','6960 Donec Av.','est.tempor.bibendum@quistristiqueac.ca');
INSERT INTO Company([id],[name],[address],[email]) VALUES(68,'Donec Tincidunt Donec LLP','P.O. Box 269, 652 Ac Road','dui@nibh.net');
INSERT INTO Company([id],[name],[address],[email]) VALUES(69,'Eu Foundation','898-6567 Mollis Road','lectus@velit.com');
INSERT INTO Company([id],[name],[address],[email]) VALUES(70,'Eleifend Associates','P.O. Box 457, 5951 Ornare Avenue','Donec.est.mauris@pedeCras.ca');
INSERT INTO Company([id],[name],[address],[email]) VALUES(71,'Praesent Interdum Ligula Limited','1701 Penatibus St.','dictum.Proin.eget@Phasellus.net');
INSERT INTO Company([id],[name],[address],[email]) VALUES(72,'Magna Corp.','657-3931 Feugiat Av.','enim.Nunc@Donecfringilla.co.uk');
INSERT INTO Company([id],[name],[address],[email]) VALUES(73,'Consequat Inc.','468-7669 Rutrum Av.','rutrum.urna.nec@magnatellusfaucibus.edu');
INSERT INTO Company([id],[name],[address],[email]) VALUES(74,'Blandit Viverra Consulting','5384 Etiam Ave','leo.Vivamus@tempor.com');
INSERT INTO Company([id],[name],[address],[email]) VALUES(75,'A Enim Foundation','554 Ante, Ave','cursus.diam.at@iaculislacus.ca');
INSERT INTO Company([id],[name],[address],[email]) VALUES(76,'Tempus Ltd','164-8582 Molestie St.','Mauris.ut.quam@velnislQuisque.ca');
INSERT INTO Company([id],[name],[address],[email]) VALUES(77,'Fermentum Foundation','674-434 Integer Road','tempor.est@pedePraesenteu.org');
INSERT INTO Company([id],[name],[address],[email]) VALUES(78,'Eu Consulting','592-2171 Justo Street','Aenean.euismod@molestie.edu');
INSERT INTO Company([id],[name],[address],[email]) VALUES(79,'Justo Proin Non Industries','Ap #941-2010 Urna Ave','non.enim.Mauris@Quisquefringilla.edu');
INSERT INTO Company([id],[name],[address],[email]) VALUES(80,'Amet Associates','Ap #449-662 Et Road','fringilla.Donec@estNunc.edu');
INSERT INTO Company([id],[name],[address],[email]) VALUES(81,'Dictum Placerat PC','P.O. Box 557, 1832 Ultricies Road','massa.non.ante@atarcu.co.uk');
INSERT INTO Company([id],[name],[address],[email]) VALUES(82,'Eget Mollis Lectus Associates','722-3012 Mauris Rd.','id.libero@ultricesmauris.ca');
INSERT INTO Company([id],[name],[address],[email]) VALUES(83,'Hymenaeos Mauris Ut Industries','159-2355 Neque Av.','luctus@accumsan.edu');
INSERT INTO Company([id],[name],[address],[email]) VALUES(84,'Fames Ac Associates','P.O. Box 387, 460 Montes, Rd.','bibendum.fermentum@laciniaSedcongue.org');
INSERT INTO Company([id],[name],[address],[email]) VALUES(85,'Et Rutrum Non Institute','4681 Vitae Rd.','ut@fermentum.net');
INSERT INTO Company([id],[name],[address],[email]) VALUES(86,'Lorem Ac Risus Consulting','Ap #382-7714 Mi Rd.','amet.nulla@tellus.co.uk');
INSERT INTO Company([id],[name],[address],[email]) VALUES(87,'Vel Consulting','339-844 Ornare. Avenue','a.magna.Lorem@Sedidrisus.edu');
INSERT INTO Company([id],[name],[address],[email]) VALUES(88,'Dolor Donec Corporation','662-6151 Neque. Rd.','ac.nulla@elit.ca');
INSERT INTO Company([id],[name],[address],[email]) VALUES(89,'Semper Ltd','Ap #882-6453 Cursus Street','lobortis@facilisislorem.edu');
INSERT INTO Company([id],[name],[address],[email]) VALUES(90,'Eu Sem Pellentesque LLC','P.O. Box 129, 4447 Justo Ave','purus.Duis.elementum@Seddiam.org');
INSERT INTO Company([id],[name],[address],[email]) VALUES(91,'Magna A Ltd','941 Dictum. St.','justo@dictum.edu');
INSERT INTO Company([id],[name],[address],[email]) VALUES(92,'Tincidunt Donec Vitae Incorporated','4231 Tellus, Ave','Nullam.scelerisque@ipsum.edu');
INSERT INTO Company([id],[name],[address],[email]) VALUES(93,'Dictum Eu Placerat Industries','452-3056 Auctor, St.','mattis@magnis.co.uk');
INSERT INTO Company([id],[name],[address],[email]) VALUES(94,'Nisl PC','P.O. Box 545, 3914 In Street','varius.et.euismod@dolor.net');
INSERT INTO Company([id],[name],[address],[email]) VALUES(95,'Libero PC','717-5822 Dictum Road','semper.auctor@velit.co.uk');
INSERT INTO Company([id],[name],[address],[email]) VALUES(96,'Odio Nam Interdum LLC','2515 Tincidunt Ave','turpis.egestas@Nunc.ca');
INSERT INTO Company([id],[name],[address],[email]) VALUES(97,'Consequat Inc.','Ap #472-724 Iaculis Avenue','neque.non.quam@Cras.ca');
INSERT INTO Company([id],[name],[address],[email]) VALUES(98,'Pede Corporation','Ap #634-9672 Ac St.','nibh.Quisque@bibendumDonec.org');
INSERT INTO Company([id],[name],[address],[email]) VALUES(99,'Donec Egestas Associates','P.O. Box 437, 2886 In, St.','Aliquam.auctor@ipsum.com');
INSERT INTO Company([id],[name],[address],[email]) VALUES(100,'Egestas A Institute','P.O. Box 324, 3383 Aliquam Av.','ante.ipsum.primis@metus.com');
SET IDENTITY_INSERT [dbo].[Company] OFF
